Numero,Voie,Code Postal,Ville,Latitude,Longitude,Titre,Téléphone,Année Construction,Classe Bilan DPE,Consommation Énergie
1,Allée des Eyminées,38240,Meylan,45.206335,5.780115,"Pawedit.Com Meylan - Édition de journaux (adresse, horaires)",,1976,D,
3,Allée des Eyminées,38240,Meylan,45.206411,5.779837,Gymnastique Active Meylan - Club de gymnastique (adresse),,1976,D,
5,Allée des Eyminées,38240,Meylan,45.206503,5.779698,Dalmonte Meylan - Climatisation (adresse),04 76 90 61 62,1976,D,
11,Allée des Eyminées,38240,Meylan,45.206082,5.777556,Foyer Socio-Educatif Du College Des Buclos Meylan - Maisons de quartier (adresse),,1976,D,
1,Chemin du pré carré,38240,Meylan,45.207592,5.781596,Tahys et Julien Paysagistes et Multiservice Meylan - Paysagiste (adresse),07 51 58 07 59,1990,,
3,Chemin du pré carré,38240,Meylan,45.207903,5.781967,"Oriel Meylan - Avocats (adresse, horaires)",04 85 58 06 54,,,
8,Chemin du pré carré,38240,Meylan,45.208002,5.782018,"Caroline Sigli Meylan - Diététicien (prendre rendez-vous, adresse, horaires, avis)",06 02 64 28 63,,,
17,Chemin des Buclos,38240,Meylan,45.213615,5.773123,"Viallet Martin Jean Louis Meylan - Menuiserie (adresse, horaires)",06 09 15 75 40,1930,,
25,Chemin des Buclos,38240,Meylan,45.211991,5.773461,Mazzocchi Pauline Meylan (adresse),04 80 15 22 49,1958,,
26,Chemin des Buclos,38240,Meylan,45.212477,5.773394,"Jolawag Meylan - Fabrication de vêtements (adresse, horaires)",06 64 36 16 08,1850,D,
28,Chemin des Buclos,38240,Meylan,45.212113,5.773356,"La Meujeutheque Meylan - Association culturelle (adresse, horaires)",,1700,,
1,Chemin du Pré Carré,38240,Meylan,45.207592,5.781596,Tahys et Julien Paysagistes et Multiservice Meylan - Paysagiste (adresse),07 51 58 07 59,1990,,
3,Chemin du Pré Carré,38240,Meylan,45.207903,5.781967,"Oriel Meylan - Avocats (adresse, horaires)",04 85 58 06 54,,,
8,Chemin du Pré Carré,38240,Meylan,45.208002,5.782018,"Caroline Sigli Meylan - Diététicien (prendre rendez-vous, adresse, horaires, avis)",06 02 64 28 63,,,
10,Chemin du Pré Carré,38240,Meylan,45.208144,5.781904,"Jardiniers SAP Meylan - Petits travaux de jardinage (adresse, horaires)",04 65 19 00 05,,,
2,Chemin de l'Île d'Amour,38240,Meylan,45.201481,5.777045,"Limbergere Alexandre Meylan - Couvreur (adresse, horaires, avis)",06 17 80 08 42,,,
5,Chemin de l'Île d'Amour,38240,Meylan,45.197301,5.76333,"Maratier Delphine Meylan - Photographe professionnel, reportage (adresse)",06 14 46 67 44,,,
6,Chemin de l'Île d'Amour,38240,Meylan,45.197277,5.763862,"Ricau Caroline Meylan - Architecte (adresse, horaires)",06 71 61 36 82,1930,D,
1,Avenue du Taillefer,38240,Meylan,45.214912,5.782477,"Lycée polyvalent du Grésivaudan Meylan (adresse, horaires)",04 76 90 30 53,,C,
5,Allée de la Piat,38240,Meylan,45.212498,5.778352,"Efit Coaching Yan Contel Meylan - Produits diététiques (adresse, horaires)",06 89 64 70 81,1976,C,
15,Allée de la Piat,38240,Meylan,45.210583,5.777317,Agduc Meylan - Hôpital (adresse),04 76 41 02 70,,D,
7,Chemin de Chaumetière,38240,Meylan,45.212716,5.777686,Mazet Cyril Meylan - Charcuterie (adresse),09 71 52 85 82,1967,,
9,Chemin de Chaumetière,38240,Meylan,45.212686,5.777625,"Ambrona Philippe Meylan - Cuisiniste (adresse, horaires)",06 09 68 87 65,1950,,
23,Chemin de Chaumetière,38240,Meylan,45.212401,5.775745,Outil Bati Meylan - Climatisation (adresse),04 76 63 05 33,1860,,
25,Chemin de Chaumetière,38240,Meylan,45.211817,5.775843,"Serrurerie Des Buclos Meylan - Serrurerie (adresse, horaires)",04 76 90 08 44,1990,,
45,Chemin de Chaumetière,38240,Meylan,45.212833,5.769107,"Ludodago Meylan - Communication d'entreprises (adresse, horaires)",04 76 62 53 52,2011,D,
2,Chemin de l'Hermitage,38240,Meylan,45.215952,5.789992,"Reve D'azur Meylan - Matériel de piscines (adresse, horaires, avis)",06 88 80 51 84,1974,D,
4,Chemin de l'Hermitage,38240,Meylan,45.216849,5.790084,"Caillau Michèle  Meylan - Mandataire immobilier (adresse, horaires)",06 01 74 37 36,1974,C,
6,Chemin de l'Hermitage,38240,Meylan,45.215951,5.790017,Nevergiveup Meylan - Randonnées (adresse),,1975,E,
6,Allée du Marais,38240,Meylan,45.211866,5.78532,La Cheminée Gaz Meylan - Accessoires cheminées (adresse),07 78 25 21 86,,D,
1,Passage de la Teille,38240,Meylan,45.214188,5.788865,"AxEntretien Meylan - Entreprises de nettoyage (adresse, horaires)",07 83 36 58 09,1985,,
2,Passage de la Teille,38240,Meylan,45.214014,5.789046,"Pellicier Bruno Meylan - Guides de montagne (adresse, horaires)",04 76 54 57 96,1983,D,
4,Passage de la Teille,38240,Meylan,45.214156,5.789266,"MONTAGNES ET SCIENCES Meylan - Association culturelle (adresse, horaires)",,,D,
5,Passage de la Teille,38240,Meylan,45.215041,5.790603,Mage Meylan - Association culturelle (adresse),,1985,,
12,Chemin de Malacher,38240,Meylan,45.209102,5.787392,"GEA Grenobloise d'Electronique et d'Automatismes Meylan - Matériel d'électronique (adresse, horaires)",04 76 90 72 72,,,
13,Chemin de Malacher,38240,Meylan,45.209842,5.78675,"SAMES KREMLIN Meylan - Traitement de surfaces (adresse, horaires)",04 76 41 60 60,,,
16,Chemin de Malacher,38240,Meylan,45.208654,5.78771,"KW RÉVOLUTION Meylan - Agence immobilière (adresse, horaires)",04 28 70 49 47,2015,,
7,Chemin d'Amot,38240,Meylan,45.215459,5.775612,Partouche Claude Meylan - Designer (adresse),04 76 41 30 20,1987,,
8,Chemin d'Amot,38240,Meylan,45.215802,5.775983,"Mw Finance Meylan - Conseils en gestion, management (adresse)",06 28 25 74 98,1988,,
11,Chemin d'Amot,38240,Meylan,45.215503,5.776202,Romarin 27 Meylan (adresse),04 76 01 13 35,1988,,
3,Avenue des Mûriers,38240,Meylan,45.2162,5.781102,"CHASSE EN FORÊTS DOMANIALES DE L'OISANS Meylan - Clubs, territoire de chasse (adresse, horaires)",,1965,,
9,Avenue des Mûriers,38240,Meylan,45.21615,5.780355,Retraites De L'Organisation Commerciale Schneider Electric Rocse Meylan - Association culturelle (adresse),,1965,,
21,Avenue des Mûriers,38240,Meylan,45.216333,5.777737,"URB'AMO Meylan - Bureau d'études (adresse, horaires)",06 87 37 60 60,1967,,
9,Chemin des Sources,38240,Meylan,45.208537,5.772721,"DGH TRANSPORT Meylan - Transport routier (adresse, horaires)",06 51 74 67 08,2009,,
13,Chemin des Sources,38240,Meylan,45.208546,5.773209,"SNA Plomberie Meylan - Plombier (adresse, horaires)",,2018,,
15,Chemin des Sources,38240,Meylan,45.208388,5.773279,Marie-Aimée Hays Meylan - Psychologue (adresse),06 76 39 15 71,2018,C,
17,Chemin des Sources,38240,Meylan,45.208292,5.772871,"Gervais Noémie  Photographe Meylan - Photographe publicitaire (adresse, horaires)",06 31 79 06 99,2018,C,
21,Chemin des Sources,38240,Meylan,45.207989,5.772036,JOFIL SERVICES Meylan - Entreprises de nettoyage (adresse),04 76 01 11 84,2012,D,
31,Chemin des Sources,38240,Meylan,45.207267,5.773093,MARTINIE PERRINE NELLY Meylan - Masseur kinésithérapeute (adresse),,1984,D,
1,Granier,38240,Meylan,45.209451,5.780226,"Gendarmerie Nationale Meylan (adresse, horaires)",04 38 37 47 70,,,
4,Granier,38240,Meylan,45.209858,5.780333,"Espace Musical G Baudry Meylan - Cours de musique, cours de chant (adresse, horaires)",04 76 90 62 02,,,
7,Granier,38240,Meylan,45.209528,5.780646,"Camille Czernichow Meylan - Gynécologue (adresse, horaires)",09 54 77 71 01,1985,,
8,Granier,38240,Meylan,45.210522,5.784437,"Catherine Girard Meylan - Psychologue (adresse, horaires)",06 16 87 29 05,1987,E,
12,Granier,38240,Meylan,45.211695,5.788926,"Archives Municipales Meylan (adresse, horaires)",04 76 41 16 25,,,
15,Granier,38240,Meylan,45.209654,5.783088,"VERISURE Meylan - Systèmes d'alarme (adresse, horaires, avis)",,,,
17,Granier,38240,Meylan,45.209428,5.783114,"Socomec Meylan - Matériel d'électricité (adresse, horaires)",04 76 90 52 53,,,
19,Granier,38240,Meylan,45.209316,5.783429,"3A Audit & Finances - Expert comptable à Meylan 38240 (adresse, horaires)",04 76 00 75 75,,,
25,Granier,38240,Meylan,45.210007,5.784234,"ETC Group Meylan - Formation professionnelle (adresse, horaires)",04 76 59 19 80,2008,,
27,Granier,38240,Meylan,45.209457,5.784555,"JKD Peinture Meylan - Entreprise de peinture (adresse, horaires)",07 82 98 89 27,,,
31,Granier,38240,Meylan,45.210275,5.785215,"Marion maquillage permanent Meylan - Institut de beauté (adresse, horaires)",06 86 21 13 99,1990,,
35,Granier,38240,Meylan,45.210076,5.785148,"Le Square Meylan - Restaurant (adresse, horaires, avis)",04 76 90 43 61,1990,,
37,Granier,38240,Meylan,45.210423,5.786068,"Jean Breuneval Meylan - Chirurgien-dentiste, orthodontiste (adresse, horaires)",04 76 18 56 11,1991,,
2,Allée du Pré Blanc,38240,Meylan,45.206397,5.774126,"Luo Haï Hong Meylan - Traducteur (adresse, horaires)",04 76 04 74 71,,E,
3,Allée du Pré Blanc,38240,Meylan,45.205878,5.775923,"Isabelle Rousseau Meylan - Masseur kinésithérapeute (adresse, horaires)",06 28 07 91 41,1977,E,
10,Allée du Pré Blanc,38240,Meylan,45.206714,5.775292,"Delphine Lagrange Meylan - Psychothérapeute (adresse, horaires)",06 63 79 33 98,,E,
14,Allée du Pré Blanc,38240,Meylan,45.206156,5.775035,Cécile Gargat IAD France mandataire Meylan - Mandataire immobilier (adresse),06 45 69 81 44,,E,
24,Allée du Pré Blanc,38240,Meylan,45.205633,5.774383,"Résidence pour Personnes Agées de Pré Blanc Meylan (adresse, horaires)",04 76 90 75 54,1976,,
12,Malacher,38240,Meylan,45.209102,5.787392,"GEA Grenobloise d'Electronique et d'Automatismes Meylan - Matériel d'électronique (adresse, horaires)",04 76 90 72 72,,,
13,Malacher,38240,Meylan,45.209842,5.78675,"SAMES KREMLIN Meylan - Traitement de surfaces (adresse, horaires)",04 76 41 60 60,,,
16,Malacher,38240,Meylan,45.208654,5.78771,"KW RÉVOLUTION Meylan - Agence immobilière (adresse, horaires)",04 28 70 49 47,2015,,
2,Allée du Château,38240,Meylan,45.213093,5.778129,"Vermeil  Solution Informatique Meylan - Dépannage informatique (adresse, avis)",04 56 24 88 02,1994,D,
8,Allée du Château,38240,Meylan,45.213746,5.779156,"TMS la Grange à Vélo Meylan - Vente, réparation de vélos (adresse, horaires, avis)",06 23 17 51 91,1999,C,
4,Rue Stella Montis,38240,Meylan,45.213409,5.787993,"DJAYLEC Meylan - Electricité générale (adresse, horaires)",07 82 03 23 08,1984,C,
13,Rue Stella Montis,38240,Meylan,45.213351,5.787923,"Couderc Martine Meylan - Photographe professionel, portrait (adresse)",06 88 57 67 12,1984,C,
2,Impasse du Tramier,38240,Meylan,45.214798,5.789508,"Giaume Paul Meylan - Artiste peintre (adresse, horaires)",04 76 90 35 63,,E,
11,Impasse du Tramier,38240,Meylan,45.214958,5.788659,"Metanovas Meylan - Association culturelle (adresse, horaires)",,1985,,
1,Rue Chenevière,38240,Meylan,45.211916,5.790758,"Cynthia Hamou Meylan - Chirurgien esthétique (adresse, horaires, avis)",04 65 00 10 45,,,
2,Rue Chenevière,38240,Meylan,45.211938,5.791338,"Miras Frédéric Meylan (prendre rendez-vous, adresse, horaires, avis)",04 76 24 26 80,,,
13,Rue Chenevière,38240,Meylan,45.212752,5.790327,"Mce Isere Meylan - Etanchéité (adresse, horaires, avis)",09 50 44 68 99,1984,D,
15,Rue Chenevière,38240,Meylan,45.213245,5.790159,Edo Ergo Sum Meylan - Traiteur (adresse),09 81 60 46 78,1984,C,
6,Rue Saint-Vincent Porte La Tine,38240,Meylan,45.2141,5.786599,"Evangelia Andriamanantena Meylan - Psychanalyste (adresse, horaires)",04 76 41 08 00,,,
7,Rue Saint-Vincent Porte La Tine,38240,Meylan,45.213344,5.786716,"Weill André Meylan - Cours de yoga (adresse, horaires)",,1984,,
1,Boulevard des Alpes,38240,Meylan,45.20313,5.763587,"Centre Commercial Carrefour Meylan - Centre commercial (adresse, horaires, ouvert le dimanche)",04 76 04 49 79,,,
2,Boulevard des Alpes,38240,Meylan,45.202316,5.761873,"Banque Populaire Auvergne Rhône Alpes Meylan - Banque (adresse, horaires)",04 76 00 74 60,1999,,
3,Boulevard des Alpes,38240,Meylan,45.202746,5.76692,"King Jouet Meylan - Magasin de jouets (adresse, horaires, avis)",04 76 04 93 93,,,
5,Boulevard des Alpes,38240,Meylan,45.202855,5.767381,"Fitness Park SARL Meylan - Clubs de sport (adresse, horaires, ouvert le dimanche)",04 76 62 70 35,,,
7,Boulevard des Alpes,38240,Meylan,45.203252,5.768024,"Buro+ Meylan - Matériel de bureau (adresse, horaires, avis)",04 76 54 11 06,,,
9,Boulevard des Alpes,38240,Meylan,45.203305,5.767545,"Als Auto Lavage Meylan - Station de lavage auto (adresse, horaires, avis)",04 76 15 36 28,,,
11,Boulevard des Alpes,38240,Meylan,45.203254,5.76696,"Zumba Meylan - Cours de danse (adresse, horaires)",,,,
13,Boulevard des Alpes,38240,Meylan,45.203372,5.766919,"Ecole de danse WEIWERS Meylan - Cours de danse (adresse, horaires)",06 73 26 55 43,,,
15,Boulevard des Alpes,38240,Meylan,45.203454,5.767079,"Adeos Meylan - Mobilier de bureau (adresse, horaires)",04 76 54 42 30,,,
18,Boulevard des Alpes,38240,Meylan,45.202065,5.760842,"Renault Auto Dauphine Meylan - Garage automobile (adresse, horaires, avis)",04 76 90 36 48,1983,E,
19,Boulevard des Alpes,38240,Meylan,45.203542,5.768018,"Altiva Solutions Meylan - Editeurs de logiciels (adresse, horaires)",04 76 52 56 11,2005,,
23,Boulevard des Alpes,38240,Meylan,45.203687,5.769159,"CTA Meylan - Contrôle technique (adresse, horaires)",04 76 04 96 25,,,
25,Boulevard des Alpes,38240,Meylan,45.203485,5.768341,"Meylan Ambulances - Ambulance (adresse, horaires, avis)",04 76 41 84 40,1977,,
27,Boulevard des Alpes,38240,Meylan,45.202799,5.769375,"Sur Un Arbre Perché Meylan - Paysagiste (adresse, horaires, avis)",06 25 85 53 77,,,
31,Boulevard des Alpes,38240,Meylan,45.203675,5.7717,"Agduc - Siège Meylan - Hôpital (adresse, horaires)",04 38 38 01 38,,,
33,Boulevard des Alpes,38240,Meylan,45.20367,5.77016,EXPERTISE ET CONSEIL ASSOCIES Meylan - Expertise comptable (adresse),04 38 75 06 90,,,
35,Boulevard des Alpes,38240,Meylan,45.203718,5.770503,"Pennacchiotti Robert Meylan - Mécanique de précision (adresse, horaires)",04 38 37 45 60,,,
39,Boulevard des Alpes,38240,Meylan,45.203822,5.771732,"La Poste Meylan - Livraison de colis (adresse, horaires, avis)",,,,
43,Boulevard des Alpes,38240,Meylan,45.203858,5.772341,"CDSA RHONE ALPES Meylan - Contrôles techniques de bâtiment (adresse, horaires)",04 76 90 64 30,1985,,
45,Boulevard des Alpes,38240,Meylan,45.203774,5.773662,"URBAN SOCCER Meylan - Infrastructures de sports (adresse, horaires, ouvert le dimanche)",04 76 15 24 65,,,
47,Boulevard des Alpes,38240,Meylan,45.203931,5.774288,"Meylan Tennis - Clubs de sport (adresse, horaires)",04 76 00 19 97,1991,,
49,Boulevard des Alpes,38240,Meylan,45.204512,5.77543,"CET Grenoble Meylan - Experts en assurances (adresse, horaires, avis)",04 76 41 74 30,,,
51,Boulevard des Alpes,38240,Meylan,45.204728,5.775324,Ddesign Meylan - Création de site internet (adresse),,,,
55,Boulevard des Alpes,38240,Meylan,45.204766,5.779333,LA MAISON DU BIEN ETRE OXYGENA Meylan - Institut de beauté (adresse),,,,
57,Boulevard des Alpes,38240,Meylan,45.204823,5.779636,"Full Time Sports Meylan - Agence de publicité (adresse, horaires, ouvert le dimanche)",06 80 68 72 79,2011,,
59,Boulevard des Alpes,38240,Meylan,45.205564,5.779396,"Ortho Service - Centre de Santé du Pied Meylan - Orthopédie générale (adresse, horaires, avis)",04 76 49 65 86,,,
61,Boulevard des Alpes,38240,Meylan,45.205532,5.779745,"Serrano Philippe Meylan - Mandataire judiciaire (adresse, horaires)",04 76 41 99 85,,,
6,Allée du Bret,38240,Meylan,45.204596,5.771154,IMPULSION Meylan - Association humanitaire (adresse),,1976,,
8,Allée du Bret,38240,Meylan,45.204522,5.770732,"ZEMAN Meylan - Interprète (adresse, horaires)",04 76 04 90 24,1976,,
10,Allée du Bret,38240,Meylan,45.204554,5.770571,GRAPHIPRESS 38 Meylan - Imprimerie (adresse),06 23 37 91 25,1976,,
2,Allée de la Roselière,38240,Meylan,45.21403,5.78418,"Anne Motton Meylan - Masseur kinésithérapeute (adresse, horaires)",06 45 19 40 69,1988,C,
12,Allée de la Roselière,38240,Meylan,45.213206,5.784713,"Bonnevie Thierry Meylan - Clubs de sport (adresse, horaires)",04 76 41 01 48,1988,D,
16,Allée de la Roselière,38240,Meylan,45.212751,5.785289,"DIGITRAVAIL Meylan - Matériel de reprographie (adresse, horaires)",06 18 26 37 47,,D,
37,Avenue de Chamrousse,38240,Meylan,45.212203,5.768529,"Marae Meylan - Formation continue (adresse, horaires)",04 76 18 24 69,1997,,
43,Avenue de Chamrousse,38240,Meylan,45.212059,5.766818,"La Mandibule Meylan - Restaurant (adresse, horaires, avis, ouvert le dimanche)",04 76 90 52 57,1922,,
1,Avenue du Vercors,38240,Meylan,45.209008,5.778675,"Atelier Nuance Meylan - Fleuriste (adresse, horaires)",04 76 90 19 41,1971,E,
3,Avenue du Vercors,38240,Meylan,45.208302,5.778617,"Landaud Chloé - Kinésithérapeute à Meylan 38240 (adresse, horaires)",04 76 41 34 96,1971,E,
4,Avenue du Vercors,38240,Meylan,45.209757,5.777828,"Centre Communal D'action Sociale Meylan (adresse, horaires)",04 76 41 69 05,,D,
5,Avenue du Vercors,38240,Meylan,45.208748,5.77825,"Marie Ruer Meylan - Kinésiologue (adresse, horaires)",07 86 70 84 83,1971,E,
13,Avenue du Vercors,38240,Meylan,45.208583,5.77607,"Nicolas Hui-Bon-Hoa Meylan - Ostéopathe (adresse, horaires)",06 44 01 05 78,1971,C,
14,Avenue du Vercors,38240,Meylan,45.20922,5.774651,"Piscine des Buclos Meylan - Piscine, centre aquatique (adresse, horaires, avis, ouvert le dimanche)",04 38 24 08 24,,,
17,Avenue du Vercors,38240,Meylan,45.208635,5.775203,"Nathalie Schneider Meylan - Médecin généraliste (adresse, horaires)",04 76 90 05 69,1970,D,
19,Avenue du Vercors,38240,Meylan,45.207655,5.775244,"Tregoures Roger Meylan - Artiste peintre (adresse, horaires)",04 76 90 15 07,1973,C,
21,Avenue du Vercors,38240,Meylan,45.208284,5.774745,"UNION TAI CHI CHUAN UN-TCC Meylan - Clubs de sport (adresse, horaires)",,1970,D,
27,Avenue du Vercors,38240,Meylan,45.206433,5.773229,"Cordonnerie des Buclos Meylan - Cordonnerie (adresse, horaires, avis)",04 76 41 05 35,,,
30,Avenue du Vercors,38240,Meylan,45.207709,5.773832,"Crèche Des Buclos Meylan - Crèche (adresse, horaires)",04 76 90 74 63,,,
31,Avenue du Vercors,38240,Meylan,45.205474,5.771669,"Entretien Physique Meylan - Club de natation (adresse, horaires)",,1976,E,
32,Avenue du Vercors,38240,Meylan,45.206461,5.772318,"Banque Populaire Auvergne Rhône Alpes Meylan - Banque (adresse, horaires)",04 76 03 42 00,,,
35,Avenue du Vercors,38240,Meylan,45.205282,5.77108,YZI Driver Meylan - Vtc (adresse),06 77 34 21 34,1976,,
41,Avenue du Vercors,38240,Meylan,45.205337,5.769823,Pinceaux - Couleurs Et Amitie A Meylan - Cours d'arts plastiques (adresse),,1977,D,
45,Avenue du Vercors,38240,Meylan,45.205381,5.769177,"JCA Group EIRL Meylan - Maintenance et services informatique (adresse, horaires)",06 50 01 76 36,1977,D,
53,Avenue du Vercors,38240,Meylan,45.206308,5.768165,"Patricia Robin - Kinésithérapeute à Meylan (adresse, horaires)",04 76 41 93 36,1977,G,
9,Allée de la Résidence Saint-Mury,38240,Meylan,45.217667,5.787826,"Robert Dominique Meylan - Conseils en gestion, management (adresse, horaires)",04 76 18 02 56,1969,E,
7,Allée de Bérivière,38240,Meylan,45.218509,5.785034,GT ALP Meylan - Association humanitaire (adresse),,1989,,
1,Impasse des Saraméjous,38240,Meylan,45.214744,5.7893,"Goodfortune Meylan - Cours de musique, cours de chant (adresse)",,1985,,
4,Impasse des Saraméjous,38240,Meylan,45.214747,5.788958,"ALTINKAYNAK Ozcan Meylan - Fabrication de peinture, vernis (adresse, horaires)",06 51 99 48 91,1985,,
8,Impasse des Saraméjous,38240,Meylan,45.214588,5.788654,"Ikebana Ecole Sogetsu Meylan - Fleuriste (adresse, horaires)",06 15 04 85 44,1985,,
4,Rue des Boisses,38240,Meylan,45.21337,5.791292,Biba Danse Meylan - Cours de danse (adresse),,1984,C,
7,Rue des Boisses,38240,Meylan,45.212642,5.791544,"Allo Taxi Claix Meylan - Taxis (adresse, horaires, avis)",06 43 07 25 78,1984,D,
20,Rue des Boisses,38240,Meylan,45.214241,5.791052,"ANIMEZ VOUS SUR L ERE DES CHANTS Meylan - Association culturelle (adresse, horaires)",,1984,C,
35,Rue des Boisses,38240,Meylan,45.214466,5.79075,"ATTRAPE RÊVE Meylan - Producteur de spectacles (adresse, horaires)",,1984,C,
3,Chemin du Vieux Chêne,38240,Meylan,45.206809,5.781484,Muraz Christian - Expert comptable à Meylan 38240 (adresse),04 76 04 04 10,,,
5,Chemin du Vieux Chêne,38240,Meylan,45.20693,5.781919,"Grenoble Alpes Metropole Meylan - Déchetterie (adresse, horaires)",04 76 59 59 59,,,
6,Chemin du Vieux Chêne,38240,Meylan,45.207752,5.783905,"BANQUE POPULAIRE AUVERGNE RHONE ALPES Meylan - Banque (adresse, horaires)",04 38 88 46 19,2003,,
7,Chemin du Vieux Chêne,38240,Meylan,45.20716,5.784612,"Jolism2 Meylan - Agence immobilière (adresse, horaires)",04 76 00 09 10,1991,,
9,Chemin du Vieux Chêne,38240,Meylan,45.207071,5.784737,"Copy Meylan - Imprimerie (adresse, horaires)",04 76 04 93 83,,,
10,Chemin du Vieux Chêne,38240,Meylan,45.207666,5.784331,"OT Engineering Meylan - Travaux publics (adresse, horaires)",04 76 18 95 97,,,
11,Chemin du Vieux Chêne,38240,Meylan,45.206305,5.786054,"Alp2i By Trilog Médical Solutions Meylan - Maintenance et services informatique (adresse, horaires)",04 82 74 02 60,,,
12,Chemin du Vieux Chêne,38240,Meylan,45.207471,5.784581,"Comfort Hôtel Grenoble Meylan - Hôtel (adresse, horaires)",04 76 90 76 90,,,
15,Chemin du Vieux Chêne,38240,Meylan,45.206072,5.787074,"Work 2000 Intérim - Siège social Meylan - Agence d'intérim (adresse, horaires)",04 76 18 16 00,2001,,
16,Chemin du Vieux Chêne,38240,Meylan,45.207147,5.787228,"Altiprom Meylan - Promoteur immobilier (adresse, horaires)",06 18 81 32 70,,,
18,Chemin du Vieux Chêne,38240,Meylan,45.207765,5.78937,"Elior Restauration Entreprises Meylan - Restaurant d'entreprise (adresse, horaires, avis)",04 76 90 84 10,2021,,
19,Chemin du Vieux Chêne,38240,Meylan,45.206878,5.786946,"Conicom Grenoble Meylan - Maintenance et services informatique (adresse, horaires)",04 58 00 39 76,,,
20,Chemin du Vieux Chêne,38240,Meylan,45.207774,5.789399,"O'Chêne Meylan - Restaurant d'entreprise (adresse, horaires)",04 76 90 44 87,,,
23,Chemin du Vieux Chêne,38240,Meylan,45.207953,5.790054,"Framatome Grenoble Meylan - Editeurs de logiciels (adresse, horaires)",04 76 61 15 00,2016,,
25,Chemin du Vieux Chêne,38240,Meylan,45.208637,5.791216,"Auto 4M Meylan - Garage automobile (adresse, horaires, avis)",04 76 90 61 83,2009,,
29,Chemin du Vieux Chêne,38240,Meylan,45.208989,5.793039,"Supernova Meylan - Bureau d'études (adresse, horaires)",06 84 97 26 47,,,
30,Chemin du Vieux Chêne,38240,Meylan,45.208897,5.797682,Ajef Meylan - Avocats (adresse),04 76 41 92 96,1990,,
31,Chemin du Vieux Chêne,38240,Meylan,45.209145,5.793755,"Piksel france Meylan - Création de site internet (adresse, horaires)",04 58 00 36 90,1988,,
32,Chemin du Vieux Chêne,38240,Meylan,45.209571,5.798755,"Ruddy Food Meylan - Restaurant (adresse, horaires)",04 76 52 10 86,2002,,
35,Chemin du Vieux Chêne,38240,Meylan,45.208173,5.793942,"Talentia Software France Meylan - Editeurs de logiciels (adresse, horaires)",01 41 05 76 00,1991,,
36,Chemin du Vieux Chêne,38240,Meylan,45.208629,5.798178,"AGIR à dom. Grenoble Meylan - Soins à domicile (adresse, horaires, avis)",04 76 51 03 04,,,
37,Chemin du Vieux Chêne,38240,Meylan,45.207915,5.794747,"Le 144 Meylan - Location de salles (adresse, horaires)",04 56 14 11 09,1991,,
39,Chemin du Vieux Chêne,38240,Meylan,45.207927,5.794829,"CGI Real Estate Meylan - Immobilier d'entreprise (adresse, horaires, avis)",04 76 61 60 20,1991,,
41,Chemin du Vieux Chêne,38240,Meylan,45.207668,5.79522,"GEFI Meylan - Gestion de patrimoine (adresse, horaires)",04 76 54 63 84,1991,,
43,Chemin du Vieux Chêne,38240,Meylan,45.207854,5.79591,"Elcimaï Meylan - Bureau d'études (adresse, horaires)",04 76 89 52 55,,,
45,Chemin du Vieux Chêne,38240,Meylan,45.208325,5.794766,"CarGo Location de Véhicules MEYLAN - Location de voitures et utilitaires (adresse, horaires)",04 58 00 87 59,,,
47,Chemin du Vieux Chêne,38240,Meylan,45.208548,5.795026,"Inobelle Meylan - Institut de beauté (adresse, horaires, avis)",07 60 55 30 58,,,
49,Chemin du Vieux Chêne,38240,Meylan,45.208339,5.795443,"Loreline Plobner Meylan - Psychologue (prendre rendez-vous, adresse, horaires, avis)",06 33 75 43 53,,,
51,Chemin du Vieux Chêne,38240,Meylan,45.208475,5.795805,"PEXIN Meylan - Bureau d'études (adresse, horaires)",04 76 46 89 06,,,
53,Chemin du Vieux Chêne,38240,Meylan,45.208781,5.795613,KREATYS Meylan - Création de site internet (adresse),09 67 30 11 27,,,
55,Chemin du Vieux Chêne,38240,Meylan,45.208824,5.796752,GE EFFICIENCE Meylan (adresse),04 76 24 19 82,,,
57,Chemin du Vieux Chêne,38240,Meylan,45.208218,5.7968,"ALTERYS.COM ALTERYS Meylan - Avocats (adresse, horaires)",,,,
59,Chemin du Vieux Chêne,38240,Meylan,45.208833,5.796829,"Cedrat Technologies Meylan - Bureau d'études (adresse, horaires)",04 56 58 04 00,,,
61,Chemin du Vieux Chêne,38240,Meylan,45.208517,5.798004,TEEM PHOTONICS SA Meylan - Instruments optique (adresse),04 76 04 05 06,,,
2,Place des Tuileaux,38240,Meylan,45.211581,5.786255,"La Petite Cantine Meylan - Restauration rapide (adresse, horaires, ouvert le dimanche)",04 76 00 08 16,,,
8,Place des Tuileaux,38240,Meylan,45.211953,5.785968,"Pharmacie Des Béalières Meylan - Pharmacie (adresse, horaires)",04 76 41 91 17,,D,
10,Place des Tuileaux,38240,Meylan,45.212008,5.786128,"Leturgie Eric Meylan - Coiffeur (adresse, horaires, avis)",04 76 90 56 56,,D,
12,Place des Tuileaux,38240,Meylan,45.211997,5.786403,"Tabac Presse des Béalières Meylan - Bureau de tabac (adresse, horaires, ouvert le dimanche)",04 76 41 03 55,,D,
2,Avenue de Verdun,38240,Meylan,45.213013,5.776033,"Fitoussi Fabien Meylan - Bijouterie (adresse, horaires)",06 50 44 52 17,2015,C,
4,Avenue de Verdun,38240,Meylan,45.212161,5.77461,"Pierre-Yves Charon Meylan - Masseur kinésithérapeute (adresse, horaires, avis)",04 76 54 88 35,2015,C,
9,Avenue de Verdun,38240,Meylan,45.210477,5.773088,"Burke Joost Meylan - Designer (adresse, horaires)",09 50 24 09 74,1985,,
12,Avenue de Verdun,38240,Meylan,45.210094,5.771455,"SIGB Meylan - Maçonnerie (adresse, horaires)",06 06 85 01 27,1957,,
13,Avenue de Verdun,38240,Meylan,45.209916,5.772762,"Instant à Soi Meylan - Institut de beauté (adresse, horaires)",04 76 18 22 92,1973,D,
15,Avenue de Verdun,38240,Meylan,45.209721,5.772445,"Eric Poulet Meylan - Infirmiers, cabinet et soins à domicile (adresse, horaires, ouvert le dimanche)",06 98 49 11 34,1978,D,
16,Avenue de Verdun,38240,Meylan,45.206021,5.764883,"SG AUVERGNE RHONE ALPES Meylan - Banque (adresse, horaires)",04 76 18 70 70,1973,,
17,Avenue de Verdun,38240,Meylan,45.209603,5.772076,"Bertabac  Meylan - Fournitures pour bureaux de tabac (adresse, horaires)",07 72 50 12 59,1978,D,
18,Avenue de Verdun,38240,Meylan,45.203837,5.76202,"Entendre Meylan - Audioprothésiste (adresse, horaires)",04 76 01 03 18,1970,D,
29,Avenue de Verdun,38240,Meylan,45.206611,5.767124,"Maxence Pâtisserie Meylan - Boulangeries Pâtisseries (adresse, horaires)",04 76 24 70 83,,,
34,Avenue de Verdun,38240,Meylan,45.201825,5.759445,"A l'Epicerie Meylan - Restaurant (adresse, horaires, avis, menu)",04 76 90 63 09,1977,E,
1,Avenue du Granier,38240,Meylan,45.209451,5.780226,"Gendarmerie Nationale Meylan (adresse, horaires)",04 38 37 47 70,,,
4,Avenue du Granier,38240,Meylan,45.209858,5.780333,"Espace Musical G Baudry Meylan - Cours de musique, cours de chant (adresse, horaires)",04 76 90 62 02,,,
6,Avenue du Granier,38240,Meylan,45.209988,5.782327,"Team Overfly By Drone Meylan - Photographes industriels (adresse, horaires)",06 73 51 04 81,2009,D,
7,Avenue du Granier,38240,Meylan,45.209528,5.780646,"Bellet & Behr SAS Meylan - Huissiers de justice (adresse, horaires)",04 58 00 12 02,1985,,
8,Avenue du Granier,38240,Meylan,45.210522,5.784437,"Catherine Girard Meylan - Psychologue (adresse, horaires)",06 16 87 29 05,1987,E,
12,Avenue du Granier,38240,Meylan,45.211695,5.788926,"Archives Municipales Meylan (adresse, horaires)",04 76 41 16 25,,,
15,Avenue du Granier,38240,Meylan,45.209654,5.783088,"VERISURE Meylan - Systèmes d'alarme (adresse, horaires, avis)",,,,
17,Avenue du Granier,38240,Meylan,45.209428,5.783114,"Odit-e Meylan - Editeurs de logiciels (adresse, horaires)",06 03 86 46 45,,,
19,Avenue du Granier,38240,Meylan,45.209316,5.783429,"3A Audit & Finances - Expert comptable à Meylan 38240 (adresse, horaires)",04 76 00 75 75,,,
25,Avenue du Granier,38240,Meylan,45.210007,5.784234,"ETC Group Meylan - Formation professionnelle (adresse, horaires)",04 76 59 19 80,2008,,
27,Avenue du Granier,38240,Meylan,45.209457,5.784555,"Papeteries Matussiere et Forest Meylan - Emballages en carton, papier (adresse, horaires)",,,,
31,Avenue du Granier,38240,Meylan,45.210275,5.785215,"LANG PHILIPPE Meylan - Allergologue (adresse, horaires)",07 56 80 04 06,1990,,
35,Avenue du Granier,38240,Meylan,45.210076,5.785148,"Le Square Meylan - Restaurant (adresse, horaires, avis)",04 76 90 43 61,1990,,
37,Avenue du Granier,38240,Meylan,45.210423,5.786068,"Jean Breuneval Meylan - Chirurgien-dentiste, orthodontiste (adresse, horaires)",04 76 18 56 11,1991,,
1,Taillefer,38240,Meylan,45.214912,5.782477,"Lycée polyvalent du Grésivaudan Meylan (adresse, horaires)",04 76 90 30 53,,C,
5,Chemin de Bérivière,38240,Meylan,45.217866,5.783599,"Vaca Christine Meylan - Conseils en gestion, management (adresse, horaires)",07 70 40 84 35,2002,,
16,Chemin de Bérivière,38240,Meylan,45.214227,5.784795,"Créche Tamiers Meylan - Crèche (adresse, horaires)",04 76 41 87 01,1988,D,
17,Chemin de Bérivière,38240,Meylan,45.214843,5.785709,"Véronique Torelli Meylan - Psychothérapie (adresse, horaires)",06 26 32 06 94,2016,C,
18,Chemin de Bérivière,38240,Meylan,45.214247,5.785059,"Clean Services Meylan - Entreprises de nettoyage (adresse, horaires)",07 83 77 77 92,1988,D,
40,Chemin de Bérivière,38240,Meylan,45.212452,5.786232,"Crèche de Bérivière Meylan - Crèche (adresse, horaires)",04 76 61 90 76,,,
3,Les Muriers,38240,Meylan,45.2162,5.781102,"CHASSE EN FORÊTS DOMANIALES DE L'OISANS Meylan - Clubs, territoire de chasse (adresse, horaires)",,1965,,
9,Les Muriers,38240,Meylan,45.21615,5.780355,Retraites De L'Organisation Commerciale Schneider Electric Rocse Meylan - Association culturelle (adresse),,1965,,
21,Les Muriers,38240,Meylan,45.216333,5.777737,"URB'AMO Meylan - Bureau d'études (adresse, horaires)",06 87 37 60 60,1967,,
18,Place des Tilleuls,38240,Meylan,45.214874,5.784822,"LBI Conseil Meylan - Conseils en gestion, management (adresse)",06 31 79 58 76,1988,,
12,Chemin des Clos,38240,Meylan,45.209214,5.788744,"Gclair Electricité Meylan - Electricité générale (adresse, avis)",07 83 14 59 14,,,
14,Chemin des Clos,38240,Meylan,45.20909,5.788909,"Accretech Europe Meylan - Matériel d'électronique (adresse, horaires)",04 76 04 40 80,2016,C,
3,Rue des Tisserands,38240,Meylan,45.210837,5.784516,Sarah Laporte-Daube Meylan - Psychothérapie (adresse),06 26 42 20 91,,E,
4,Rue des Tisserands,38240,Meylan,45.211127,5.78493,"Martinez Jocelyne Meylan - Dressage d'animaux (adresse, horaires)",06 74 08 37 44,1986,C,
7,Rue des Tisserands,38240,Meylan,45.211409,5.784387,"Alpes Air Controle Et Entretien Meylan - Traitement de surfaces (adresse, horaires)",06 83 83 17 18,,D,
11,Rue des Tisserands,38240,Meylan,45.211551,5.784014,"Millie Sébastien Meylan - Bois de chauffage (adresse, horaires, avis)",06 47 83 63 24,,D,
36,Chemin de la Taillat,38240,Meylan,45.208506,5.7794,Julie Dalstein Meylan - Orthophoniste (adresse),04 76 61 95 91,1971,D,
47,Chemin de la Taillat,38240,Meylan,45.207572,5.780542,"Conseil Etudes Traitement C.E.T Meylan - Bureau d'études (adresse, horaires)",07 61 69 08 56,2012,,
51,Chemin de la Taillat,38240,Meylan,45.205931,5.780876,"Kpmg Meylan - Expertise comptable (adresse, horaires)",04 76 90 80 80,2019,,
55,Chemin de la Taillat,38240,Meylan,45.20542,5.780951,"RG Clim' Meylan - Climatisation (adresse, horaires)",06 14 91 24 71,,,
57,Chemin de la Taillat,38240,Meylan,45.205349,5.781205,"Bellot Rémi Meylan - Création de site internet (adresse, horaires)",06 52 84 76 04,2000,D,
58,Chemin de la Taillat,38240,Meylan,45.206916,5.780444,Galiano Julien Quali-Travaux Meylan (adresse),04 76 14 81 57,2019,,
60,Chemin de la Taillat,38240,Meylan,45.205775,5.780737,"Editions Correspondances Meylan - Éditions culturelles (adresse, horaires)",04 76 50 25 25,,,
17,Chemin des Acacias,38240,Meylan,45.20926,5.768949,"Alpina Time At Meylan - Association culturelle (adresse, horaires)",,1965,C,
11,Allée des Frênes,38240,Meylan,45.213799,5.792073,"Valmed Meylan - Secrétariat (adresse, horaires, avis)",06 08 25 36 67,1994,D,
15,Allée des Frênes,38240,Meylan,45.213205,5.792298,"King Grocery Meylan - Cours de musique, cours de chant (adresse, horaires)",,1992,C,
17,Allée des Frênes,38240,Meylan,45.213297,5.792886,"Céline Chat Meylan - Infirmiers, cabinet et soins à domicile (adresse, horaires, ouvert le dimanche)",06 38 04 35 81,1992,D,
21,Allée des Frênes,38240,Meylan,45.212773,5.793074,BASKET CLUB LA TRONCHE ME Meylan (adresse),04 56 45 88 46,2007,,
23,Allée des Frênes,38240,Meylan,45.212853,5.793625,"Park And Suites Meylan - Résidence de tourisme (adresse, horaires)",04 76 25 13 99,2007,,
27,Allée des Frênes,38240,Meylan,45.212374,5.793284,"Djebbour Miloud Meylan - Magasin de sport (adresse, horaires)",06 84 99 20 47,2007,C,
29,Allée des Frênes,38240,Meylan,45.212424,5.79371,"GAIA OPEN SYSTEMS Meylan - Maintenance et services informatique (adresse, horaires, avis)",06 95 44 83 18,2007,C,
31,Allée des Frênes,38240,Meylan,45.212019,5.792795,"Gendarmerie Nationale Meylan (adresse, horaires, ouvert le dimanche)",04 76 90 22 96,2006,,
2,Le Routoir,38240,Meylan,45.212418,5.788457,"Ecole maternelle Les Béalières Meylan (adresse, horaires)",04 76 41 08 05,,,
3,Le Routoir,38240,Meylan,45.212222,5.787442,"Julie Perret-bouvaret Meylan - Médecin généraliste (adresse, horaires)",04 76 41 33 48,1984,C,
7,Le Routoir,38240,Meylan,45.212572,5.788719,"Restaurant Scolaire Béalières Meylan - Restaurant d'entreprise (adresse, horaires)",04 76 41 09 05,,,
10,Le Routoir,38240,Meylan,45.212805,5.79022,"Bibliothèque Des Béalières Meylan - Bibliothèques, médiathèques (adresse, horaires)",04 76 90 79 60,,,
13,Le Routoir,38240,Meylan,45.212838,5.789684,"Mouney Le Ferrailleur Meylan - Traitement déchets fers, métaux (adresse, horaires, avis, ouvert le dimanche)",06 95 85 98 71,1984,,
16,Le Routoir,38240,Meylan,45.213087,5.791318,"Cheminot Eric Meylan - Maintenance et services informatique (adresse, horaires)",06 31 84 82 87,1984,D,
14,Avenue des Quatre Chemins,38240,Meylan,45.216331,5.80145,"Barbarin Asty Meylan - Sophrologie (adresse, horaires)",06 18 50 74 19,2010,,
17,Avenue des Quatre Chemins,38240,Meylan,45.217227,5.799967,"Vayssade Fabrice Meylan - Société de recouvrement (adresse, horaires)",04 76 90 95 08,1991,,
5,Allée du Hameau Blanc,38240,Meylan,45.211193,5.776382,"MGM EXPRESS Meylan - Transport routier (adresse, horaires)",07 77 85 48 98,1970,,
2,Rue des Lavandières,38240,Meylan,45.212299,5.786928,"Morisset Maguet Marie Helene Meylan - Infirmiers, cabinet et soins à domicile (adresse, horaires, ouvert le dimanche)",07 82 41 49 75,1984,C,
2,Le routoir,38240,Meylan,45.212418,5.788457,"Ecole maternelle Les Béalières Meylan (adresse, horaires)",04 76 41 08 05,,,
3,Le routoir,38240,Meylan,45.212222,5.787442,"Claire Blanc Meylan - Infirmiers, cabinet et soins à domicile (adresse, horaires, ouvert le dimanche)",06 86 37 06 13,1984,C,
7,Le routoir,38240,Meylan,45.212572,5.788719,"Restaurant Scolaire Béalières Meylan - Restaurant d'entreprise (adresse, horaires)",04 76 41 09 05,,,
10,Le routoir,38240,Meylan,45.212805,5.79022,"Bibliothèque Des Béalières Meylan - Bibliothèques, médiathèques (adresse, horaires)",04 76 90 79 60,,,
13,Le routoir,38240,Meylan,45.212838,5.789684,"Mouney Le Ferrailleur Meylan - Traitement déchets fers, métaux (adresse, horaires, avis, ouvert le dimanche)",06 95 85 98 71,1984,,
16,Le routoir,38240,Meylan,45.213087,5.791318,"Cheminot Eric Meylan - Maintenance et services informatique (adresse, horaires)",06 31 84 82 87,1984,D,
1,Ancienne Mairie,38240,Meylan,45.217476,5.779256,"GARDEN PAYSAGE Meylan - Paysagiste (adresse, horaires)",06 19 85 56 82,1954,,
14,Ancienne Mairie,38240,Meylan,45.214643,5.779719,"Garage Pelletier Meylan - Garage automobile (adresse, horaires, avis)",04 76 90 26 49,,,
7,Allée des Grillons,38240,Meylan,45.211204,5.771448,"DRONE COM Meylan - Production audiovisuelle (adresse, horaires)",04 76 41 93 19,1972,,
15,Allée des Grillons,38240,Meylan,45.211496,5.771749,"Association Frenchie Fresh Meylan - Réseaux informatiques (adresse, horaires)",,1979,,
2,Chemin des Prêles,38240,Meylan,45.207847,5.785331,"Tempologis Meylan - Résidence de tourisme (adresse, horaires)",,,,
4,Chemin des Prêles,38240,Meylan,45.208129,5.785184,"R.T.P. Peinture Meylan - Entreprise de peinture (adresse, horaires, avis)",07 63 36 06 20,2003,,
10,Chemin des Prêles,38240,Meylan,45.208899,5.784726,"Crèche people & baby Kid's Coocoon et Kid's Heaven Meylan - Crèche (adresse, horaires)",04 82 79 06 12,2021,C,
2,Chemin de Maupertuis,38240,Meylan,45.216873,5.791385,"LIQSIS Conseil Meylan - Conseils en gestion, management (adresse)",06 79 57 26 58,,,
4,Chemin de Maupertuis,38240,Meylan,45.217064,5.79119,Jacques Delafuente Architecte SARL Meylan - Architecte (adresse),04 76 18 10 00,2019,,
29,Chemin de Maupertuis,38240,Meylan,45.214028,5.798825,Ulteam Vision Meylan - Association culturelle (adresse),,1982,,
3,Chemin du Bachais,38240,Meylan,45.216578,5.776079,"MEYLAN MUSIQUES DANSES TRADITIONNELLES MMDT - Cours de danse (adresse, horaires)",,1969,,
18,Chemin du Bachais,38240,Meylan,45.215132,5.777855,Péan Didier Meylan - Maintenance et services informatique (adresse),04 76 61 38 04,1750,D,
22,Chemin du Bachais,38240,Meylan,45.214739,5.778619,Ecole Elémentaire privée Meylan (adresse),09 53 61 02 96,1991,,
9,Impasse des Verdiers,38240,Meylan,45.210682,5.782345,"ASSO COMMUNE CHASSE AGREEE ENTRAIGUES Meylan - Clubs, territoire de chasse (adresse, horaires)",,1989,,
7,Chemin des Prés,38240,Meylan,45.210884,5.789948,"Immobiliere Berlioz Meylan - Agence immobilière (adresse, horaires, avis)",04 58 17 32 20,1990,,
11,Chemin des Prés,38240,Meylan,45.210904,5.790495,"Sintegra SARL Meylan - Géomètre-expert (adresse, horaires)",04 76 18 13 13,,,
19,Chemin des Prés,38240,Meylan,45.210883,5.791257,"B.Production Meylan - Production audiovisuelle (adresse, horaires)",06 51 97 61 35,,,
21,Chemin des Prés,38240,Meylan,45.210917,5.790943,Roseau Technologies Meylan - Editeurs de logiciels (adresse),06 45 28 20 66,,,
23,Chemin des Prés,38240,Meylan,45.211181,5.791197,"Oros SAS Meylan - Acoustique industrielle (adresse, horaires)",04 76 90 53 26,,,
2,Passage du Père Cohard,38240,Meylan,45.212754,5.786867,"Halte Garderie des Béalières Meylan - Garde d'enfants (adresse, horaires)",04 76 90 51 61,1984,C,
7,Chemin de la Trière,38240,Meylan,45.208525,5.782799,"Fabienne Mathelet Meylan - Hypnothérapie (adresse, horaires)",06 25 89 14 44,1947,,
1,Avenue de Chartreuse,38240,Meylan,45.219431,5.786532,"Nathalie Carrière Meylan - Médecin généraliste (adresse, horaires)",04 76 41 11 55,1972,E,
13,Avenue de Chartreuse,38240,Meylan,45.218691,5.78316,"Pedale Team Rhone Alpine Meylan - Associations sportives (adresse, horaires)",,1946,,
24,Avenue de Chartreuse,38240,Meylan,45.218825,5.783105,Assistance Expertise Judiciaire Meylan - Experts en assurances (adresse),09 81 88 59 19,1958,,
39,Avenue de Chartreuse,38240,Meylan,45.217831,5.780221,"Chez Chloé l'Epicerie Fine de Meylan  - Épicerie fine (adresse, horaires, ouvert le dimanche)",04 76 90 51 40,1850,,
44,Avenue de Chartreuse,38240,Meylan,45.217928,5.780182,"Au Potager Meylan - Primeurs (adresse, horaires, avis)",04 76 90 71 57,1965,F,
45,Avenue de Chartreuse,38240,Meylan,45.217815,5.779973,"Ecole primaire Le Haut Meylan (adresse, horaires)",04 76 90 41 75,1968,,
46,Avenue de Chartreuse,38240,Meylan,45.217954,5.780189,"Chocolaterie Rey SARL Meylan - Pâtisseries (adresse, horaires, avis, ouvert le dimanche)",04 76 90 09 82,1965,F,
47,Avenue de Chartreuse,38240,Meylan,45.217944,5.779063,"Carrefour Express  Meylan - Supermarchés, hypermarchés (adresse, horaires, ouvert le dimanche)",04 76 47 16 99,1957,,
53,Avenue de Chartreuse,38240,Meylan,45.217756,5.777919,"Jazz Aux Champs Meylan - Cours de musique, cours de chant (adresse)",,1977,C,
54,Avenue de Chartreuse,38240,Meylan,45.21802,5.778974,"Banque Postale Meylan - Banque (adresse, horaires)",,1900,,
55,Avenue de Chartreuse,38240,Meylan,45.217725,5.77784,"Axa Bezet Gilles Agent Général Meylan - Assurance (adresse, horaires)",06 37 19 88 58,1969,,
56,Avenue de Chartreuse,38240,Meylan,45.217991,5.778219,"L'Atelier - L'Art De La Beauté Meylan - Coiffeur (adresse, horaires, avis)",04 76 41 88 81,1960,,
58,Avenue de Chartreuse,38240,Meylan,45.217948,5.778098,"La Casetta Meylan - Restaurant (adresse, horaires, avis)",04 76 41 08 66,2000,,
5,Chemin d'Avat,38240,Meylan,45.213995,5.776425,"Association Costard Cravate A. C. C. Meylan - Producteur de spectacles (adresse, horaires)",,1987,,
21,Chemin d'Avat,38240,Meylan,45.214841,5.776981,Meyl'Asta Meylan - Club de gymnastique (adresse),,1988,,
1,Passage des Lisses,38240,Meylan,45.21386,5.790292,Proteau Noël Meylan - Transport aérien (adresse),04 76 13 38 53,,D,
17,Buclos,38240,Meylan,45.213615,5.773123,"Viallet Martin Jean Louis Meylan - Menuiserie (adresse, horaires)",06 09 15 75 40,1930,,
25,Buclos,38240,Meylan,45.211991,5.773461,Mazzocchi Pauline Meylan (adresse),04 80 15 22 49,1958,,
26,Buclos,38240,Meylan,45.212477,5.773394,"Jolawag Meylan - Fabrication de vêtements (adresse, horaires)",06 64 36 16 08,1850,D,
28,Buclos,38240,Meylan,45.212113,5.773356,"La Meujeutheque Meylan - Association culturelle (adresse, horaires)",,1700,,
1,Impasse du Saule,38240,Meylan,45.213835,5.789213,"A Tire-d'Aile Meylan - Coaching (adresse, horaires)",06 72 95 06 16,1983,D,
5,Rue Beausoleil,38240,Meylan,45.216851,5.782709,Yoga Surya Meylan - Club de gymnastique (adresse),,1951,,
14,Rue Beausoleil,38240,Meylan,45.21668,5.782155,"Gautier-mordret Béatrice Meylan (adresse, horaires)",06 89 93 44 74,1930,,
4,Avenue des 7 Laux,38240,Meylan,45.224111,5.794949,"Clinique Vétérinaire Argos Meylan - Vétérinaire (adresse, horaires, avis)",04 76 90 26 75,1800,,
6,Avenue des 7 Laux,38240,Meylan,45.223889,5.794532,"Micro crèche Les Bambins de l'Isère Meylan - Crèche (adresse, horaires)",04 26 85 08 04,1880,C,
10,Avenue des 7 Laux,38240,Meylan,45.223659,5.794053,"Le Petit Nice Meylan - Restaurant (adresse, horaires)",04 76 90 09 73,1850,,
21,Avenue des 7 Laux,38240,Meylan,45.219916,5.788285,"Freedom Fitness Meylan - Clubs de sport (adresse, horaires)",04 76 41 84 15,1950,,
25,Avenue des 7 Laux,38240,Meylan,45.217751,5.785747,"Pharmacie du Haut Meylan SELARL - Pharmacie (adresse, horaires, avis)",04 76 90 43 10,1957,,
27,Avenue des 7 Laux,38240,Meylan,45.217183,5.785075,"Ampli JMH Custom Meylan - Vente, location d'instruments de musique (adresse, horaires)",04 76 08 75 58,1952,,
45,Avenue des 7 Laux,38240,Meylan,45.216926,5.784224,"Eni Meylan - Maintenance garages, stations-service (adresse, horaires, ouvert le dimanche)",04 76 41 20 43,,,
14,Chemin de l'Ancienne Mairie,38240,Meylan,45.214643,5.779719,"Garage Pelletier Meylan - Garage automobile (adresse, horaires, avis)",04 76 90 26 49,,,
7,Impasse de Chamrousse,38240,Meylan,45.214351,5.774043,Klasser Pierre Meylan (adresse),04 76 41 14 21,1992,,
8,Impasse de Chamrousse,38240,Meylan,45.214496,5.77458,"Medina Jean-Luc Meylan - Élevages de chevaux, haras (adresse)",04 76 90 15 28,2004,,
