Numero,Voie,Code_Postal,Ville,Latitude,Longitude,Distance_Centre_m,PJ_Titre,PJ_Telephone,BDNB_Annee,BDNB_DPE,Entreprise_Nom,Entreprise_Categorie,Entreprise_Telephones,Entreprise_Emails,Entreprise_Sites,SIREN,SIRET,NAF,Proprietaire_Nom,Proprietaire_Role,Surface_Toiture_m2,Surface_Parking_m2,Annee_Construction_OSM
2,Rocade Sud,38240,Meylan,45.212418,5.788457,99,,,,,Ecole maternelle Les Béalières,,,,,,,,,,17245.4,4439.3,
3,Rocade Sud,38240,Meylan,45.212222,5.787442,16,,,,,Claire Blanc,,,,,884197518,,86.90D,CLAIRE BLANC (SOLLE),,16711.8,5189.5,
4,Rocade Sud,38240,Meylan,45.212693,5.78958,192,,,,,Failliet Emmanuel,,,,,410834154,,49.41A,EMMANUEL FAILLIET,Gérant,21777.7,1384.6,
7,Rocade Sud,38240,Meylan,45.212572,5.788719,124,,,,,Restaurant Scolaire Béalières,,,,,,,,,,18871.6,4341.3,
10,Rocade Sud,38240,Meylan,45.212805,5.79022,243,,,,,Bibliothèque Des Béalières,,,,,,,,,,21070.6,4368.4,
13,Rocade Sud,38240,Meylan,45.212838,5.789684,205,,,,,Mouney Le Ferrailleur,,,,,,,,,,18001.9,1155.7,
16,Rocade Sud,38240,Meylan,45.213087,5.791318,335,,,,,Cheminot Eric,,,,,514268200,,62.02A,ERIC CHEMINOT,,24003.1,5090.7,
1,Avenue du Taillefer,38240,Meylan,45.214912,5.782477,482,"Lycée polyvalent du Grésivaudan Meylan (adresse, horaires)",04 76 90 30 53,2000,,Lycée polyvalent du Grésivaudan,,,,,193828639,,85.31Z,,,5196.3,3468.5,
6,Allée du Marais,38240,Meylan,45.211866,5.78532,155,"Perroy Philippe Meylan - Conseils en gestion, management (adresse, horaires)",04 76 90 71 24,,D,Perroy Philippe,,,,,793922295,,70.22Z,PHILIPPE PERROY,,16971.0,6182.3,
12,Chemin de Malacher,38240,Meylan,45.209102,5.787392,342,"GEA Grenobloise d'Electronique et d'Automatismes Meylan - Matériel d'électronique (adresse, horaires)",04 76 90 72 72,,,GEA Grenobloise d'Electronique et d'Automatismes,,,,,071501803,,26.20Z,SERGE ZASLAVOGLOU,Président du conseil de surveillance,25389.4,15415.8,
13,Chemin de Malacher,38240,Meylan,45.209842,5.78675,262,"SAMES KREMLIN Meylan - Traitement de surfaces (adresse, horaires)",04 76 41 60 60,,,SAMES KREMLIN,,,,,,,,,,24921.8,14447.6,
16,Chemin de Malacher,38240,Meylan,45.208654,5.78771,393,"KW Révolution Meylan - Agence immobilière (adresse, horaires)",04 28 70 49 47,2015,,KW Révolution,,,,,,,,,,26926.8,15599.1,
4,Granier,38240,Meylan,45.209858,5.780333,600,"Espace Musical G Baudry Meylan - Cours de musique, cours de chant (adresse, horaires)",04 76 90 62 02,,,Espace Musical G Baudry,,,,,,,,,,12147.0,8798.2,
7,Granier,38240,Meylan,45.209528,5.780646,595,"Bellet & Behr SAS Meylan - Huissiers de justice (adresse, horaires)",04 58 00 12 02,1985,,Bellet & Behr SAS,,,,,,,,,,11544.1,9485.9,
8,Granier,38240,Meylan,45.21041,5.78378,335,"Catherine Girard Meylan - Psychologue (adresse, horaires)",06 16 87 29 05,,,Catherine Girard,,,,,442866547,,86.90E,CATHERINE GIRARD,,16562.7,11085.2,
12,Granier,38240,Meylan,45.211695,5.788926,142,"Archives Municipales Meylan (adresse, horaires)",04 76 41 16 25,,,Archives Municipales,office=government,+33476411625,archives-municipales@meylan.fr,https://www.meylan.fr/63-les-archives.htm,,,,,,16055.4,7692.1,
15,Granier,38240,Meylan,45.209654,5.783088,430,"VERISURE Meylan - Systèmes d'alarme (adresse, horaires, avis)",,,,VERISURE,,,,,345006027,,80.20Z,OLIVIER ALLENDER,Président de SAS,16360.2,10207.7,
17,Granier,38240,Meylan,45.209428,5.783114,445,"Socomec Meylan - Matériel d'électricité (adresse, horaires)",04 76 90 52 53,,,Cotranet,,,,,894302488,,58.29C,,,17419.5,10222.8,
19,Granier,38240,Meylan,45.209316,5.783429,436,"3A Audit & Finances - Expert comptable à Meylan 38240 (adresse, horaires)",04 76 00 75 75,,,3A Audit & Finances,,,,,494972284,,69.20Z,SANDRA RUFFINATTO,Gérant,18470.4,11870.6,
25,Granier,38240,Meylan,45.210007,5.784234,337,"ETC Group Meylan - Formation professionnelle (adresse, horaires)",04 76 59 19 80,2008,,ETC Group,,,,,,,,,,23139.4,12897.8,
27,Granier,38240,Meylan,45.209457,5.784555,368,"JKD Peinture Meylan - Entreprise de peinture (adresse, horaires)",07 82 98 89 27,2018,C,JKD Peinture,,,,,,,,,,25645.4,14025.5,
31,Granier,38240,Meylan,45.210275,5.785215,264,"Marion maquillage permanent Meylan - Institut de beauté (adresse, horaires)",06 86 21 13 99,2021,,Marion maquillage permanent,,,,,,,,,,25602.9,13357.0,
35,Granier,38240,Meylan,45.210076,5.785148,285,"Le Square Meylan - Restaurant (adresse, horaires, avis)",04 76 90 43 61,1990,,Le Square,amenity=restaurant,+33476904361,contact@le-square-restaurant.fr,,378336143,,68.31Z,ERIC LEBRAT,Président de SAS,24801.0,12716.4,
37,Granier,38240,Meylan,45.210423,5.786068,216,"Jean Breuneval Meylan - Chirurgien-dentiste, orthodontiste (adresse, horaires)",04 76 18 56 11,1991,,Jean Breuneval,,,,,434048922,,68.20A,JEAN BREUNEVAL,,26852.2,12852.1,
12,Malacher,38240,Meylan,45.209102,5.787392,342,"GEA Grenobloise d'Electronique et d'Automatismes Meylan - Matériel d'électronique (adresse, horaires)",04 76 90 72 72,,,GEA Grenobloise d'Electronique et d'Automatismes,,,,,071501803,,26.20Z,SERGE ZASLAVOGLOU,Président du conseil de surveillance,25389.4,15415.8,
13,Malacher,38240,Meylan,45.209842,5.78675,262,"SAMES KREMLIN Meylan - Traitement de surfaces (adresse, horaires)",04 76 41 60 60,,,SAMES KREMLIN,,,,,,,,,,24921.8,14447.6,
16,Malacher,38240,Meylan,45.208654,5.78771,393,"KW Révolution Meylan - Agence immobilière (adresse, horaires)",04 28 70 49 47,2015,,KW Révolution,,,,,,,,,,26926.8,15599.1,
6,Rue Saint-Vincent Porte La Tine,38240,Meylan,45.2141,5.786599,220,"Evangelia Andriamanantena Meylan - Psychanalyste (adresse, horaires)",04 76 41 08 00,,,Evangelia Andriamanantena,,,,,495229809,,88.99B,EVANGELIA ANDRIAMANANTENA (HASSANIDOU),,20755.2,4447.2,
2,Allée de la Roselière,38240,Meylan,45.21403,5.78418,317,"Anne Motton Meylan - Masseur kinésithérapeute (adresse, horaires)",06 45 19 40 69,1988,C,Anne Motton,,,,,530803329,,86.90E,ANNE MOTTON,,13291.7,3098.4,
12,Allée de la Roselière,38240,Meylan,45.213206,5.784713,229,"Bonnevie Thierry Meylan - Clubs de sport (adresse, horaires)",04 76 41 01 48,1988,D,Bonnevie Thierry,,,,,317830065,,85.51Z,THIERRY BONNEVIE,,16864.1,3613.9,
16,Allée de la Roselière,38240,Meylan,45.212751,5.785289,166,"DIGITRAVAIL Meylan - Matériel de reprographie (adresse, horaires)",06 18 26 37 47,,D,DIGITRAVAIL,,,,,940037575,,46.51Z,FLORIAN POUGHEON,Président de SAS,18086.8,3444.9,
6,Chemin du Vieux Chêne,38240,Meylan,45.207752,5.783905,557,"BANQUE POPULAIRE AUVERGNE RHONE ALPES Meylan - Banque (adresse, horaires)",04 38 88 46 19,2003,,BANQUE POPULAIRE AUVERGNE RHONE ALPES,,,,,605520071,,64.19Z,LIONEL BAUD,Président du conseil d'administration,19281.7,14653.2,
7,Chemin du Vieux Chêne,38240,Meylan,45.20716,5.784612,595,"Gilles Trignat Résidences  Meylan (adresse, horaires, avis)",04 76 15 21 21,1991,,Gilles Trignat Résidences,office=developer,+33476152121,,https://www.trignat.fr/,397947433,,41.10A,,,18146.8,13999.2,
10,Chemin du Vieux Chêne,38240,Meylan,45.207666,5.784331,551,"OT Engineering Meylan - Travaux publics (adresse, horaires)",04 76 18 95 97,,,OT Engineering,office=company,,,,414041236,,42.22Z,,,29369.0,12753.7,
12,Chemin du Vieux Chêne,38240,Meylan,45.207471,5.784581,563,"Comfort Hôtel Grenoble Meylan - Hôtel (adresse, horaires)",04 76 90 76 90,,,Comfort Hôtel Grenoble,,,,,,,,,,28197.5,13635.1,
16,Chemin du Vieux Chêne,38240,Meylan,45.207452,5.786754,527,"Altiprom Meylan - Promoteur immobilier (adresse, horaires)",06 18 81 32 70,,,Altiprom,,,,,838618734,,41.10A,MARTIN SCHMITT,Directeur Général,25078.7,21115.2,
18,Chemin du Vieux Chêne,38240,Meylan,45.207765,5.788905,507,"Elior Restauration Entreprises Meylan - Restaurant d'entreprise (adresse, horaires, avis)",04 76 90 84 10,2021,,Elior Restauration Entreprises,,,,,,,,,,17544.3,21768.5,2022
19,Chemin du Vieux Chêne,38240,Meylan,45.206821,5.787347,595,"DI-SORIC SAS Meylan - Matériel d'électronique (adresse, horaires)",04 76 61 65 90,,,DI-SORIC SAS,,,,,529280828,,27.90Z,CARSTEN GOHLKE,Président de SAS,15312.0,17082.8,
20,Chemin du Vieux Chêne,38240,Meylan,45.208099,5.789188,478,"O'Chêne Meylan - Restaurant d'entreprise (adresse, horaires)",04 76 90 44 87,,,O'Chêne,amenity=restaurant,+33476904487,,https://fr.restaurantguru.com/Restaurant-inter-entreprises-OChene-Elior-Meylan,834895930,,56.21Z,SAMI CHRIQUI,,17526.1,17626.1,2022
23,Chemin du Vieux Chêne,38240,Meylan,45.207953,5.790054,518,"Framatome Grenoble Meylan - Editeurs de logiciels (adresse, horaires)",04 76 61 15 00,2016,,Framatome Grenoble,,,,,433681525,,27.12Z,FRÉDÉRIC LELIEVRE,Président de SAS,14202.0,12184.4,2022
25,Chemin du Vieux Chêne,38240,Meylan,45.208637,5.791216,502,"Auto 4M Meylan - Garage automobile (adresse, horaires, avis)",04 76 90 61 83,2009,,Auto 4M,,,,,835081449,,45.20A,THIERRY MATENCIO (MATENCIO),Président de SAS,10916.2,6052.8,2022
29,Chemin du Vieux Chêne,38240,Meylan,45.209088,5.793513,599,"Supernova Meylan - Bureau d'études (adresse, horaires)",06 84 97 26 47,,,Piksel france,,,,,449048701,,61.90Z,RODNEY SAMPSON,Président de SAS,5864.5,15780.7,
31,Chemin du Vieux Chêne,38240,Meylan,45.209088,5.793493,598,"Piksel france Meylan - Création de site internet (adresse, horaires)",04 58 00 36 90,,,Piksel france,,,,,449048701,,61.90Z,RODNEY SAMPSON,Président de SAS,5864.5,15780.7,
2,Place des Tuileaux,38240,Meylan,45.211581,5.786255,102,"La Petite Cantine Meylan - Restauration rapide (adresse, horaires, ouvert le dimanche)",04 76 00 08 16,,C,La Petite Cantine,,,,,,,,,,16480.0,7714.4,
8,Place des Tuileaux,38240,Meylan,45.211953,5.785968,103,"Optique des Béalières Meylan - Opticien (adresse, horaires, avis)",09 87 55 44 40,,C,Optique des Béalières,,,,,841564198,,47.78A,MARIE BOUTE (BOUTE),Gérant,19350.4,5899.6,
12,Place des Tuileaux,38240,Meylan,45.211997,5.786403,69,"Angkor Meylan - Restaurant (adresse, horaires)",04 76 90 04 71,,C,Angkor,amenity=restaurant,+33476900471,,,829670694,,56.10A,BONA HENG (HENG),Président de SAS,18115.0,5620.0,
4,Avenue du Granier,38240,Meylan,45.209858,5.780333,600,"Espace Musical G Baudry Meylan - Cours de musique, cours de chant (adresse, horaires)",04 76 90 62 02,,,Espace Musical G Baudry,,,,,,,,,,12147.0,8798.2,
7,Avenue du Granier,38240,Meylan,45.209528,5.780646,595,"Bellet & Behr SAS Meylan - Huissiers de justice (adresse, horaires)",04 58 00 12 02,1985,,Bellet & Behr SAS,,,,,,,,,,11544.1,9485.9,
8,Avenue du Granier,38240,Meylan,45.21041,5.78378,335,"Catherine Girard Meylan - Psychologue (adresse, horaires)",06 16 87 29 05,,,Catherine Girard,,,,,442866547,,86.90E,CATHERINE GIRARD,,16562.7,11085.2,
12,Avenue du Granier,38240,Meylan,45.211695,5.788926,142,"Archives Municipales Meylan (adresse, horaires)",04 76 41 16 25,,,Archives Municipales,office=government,+33476411625,archives-municipales@meylan.fr,https://www.meylan.fr/63-les-archives.htm,,,,,,16055.4,7692.1,
15,Avenue du Granier,38240,Meylan,45.209654,5.783088,430,"VERISURE Meylan - Systèmes d'alarme (adresse, horaires, avis)",,,,VERISURE,,,,,345006027,,80.20Z,OLIVIER ALLENDER,Président de SAS,16360.2,10207.7,
17,Avenue du Granier,38240,Meylan,45.209428,5.783114,445,"Cotranet Meylan - Maintenance et services informatique (adresse, horaires)",04 76 04 00 90,,,Cotranet,,,,,894302488,,58.29C,,,17419.5,10222.8,
19,Avenue du Granier,38240,Meylan,45.209316,5.783429,436,"3A Audit & Finances - Expert comptable à Meylan 38240 (adresse, horaires)",04 76 00 75 75,,,3A Audit & Finances,,,,,494972284,,69.20Z,SANDRA RUFFINATTO,Gérant,18470.4,11870.6,
25,Avenue du Granier,38240,Meylan,45.210007,5.784234,337,"ETC Group Meylan - Formation professionnelle (adresse, horaires)",04 76 59 19 80,2008,,ETC Group,,,,,,,,,,23139.4,12897.8,
27,Avenue du Granier,38240,Meylan,45.209457,5.784555,368,"JKD Peinture Meylan - Entreprise de peinture (adresse, horaires)",07 82 98 89 27,2018,C,JKD Peinture,,,,,,,,,,25645.4,14025.5,
31,Avenue du Granier,38240,Meylan,45.210275,5.785215,264,"Marion maquillage permanent Meylan - Institut de beauté (adresse, horaires)",06 86 21 13 99,2021,,Marion maquillage permanent,,,,,,,,,,25602.9,13357.0,
35,Avenue du Granier,38240,Meylan,45.210076,5.785148,285,"Le Square Meylan - Restaurant (adresse, horaires, avis)",04 76 90 43 61,1990,,Le Square,amenity=restaurant,+33476904361,contact@le-square-restaurant.fr,,378336143,,68.31Z,ERIC LEBRAT,Président de SAS,24801.0,12716.4,
37,Avenue du Granier,38240,Meylan,45.210423,5.786068,216,"Jean Breuneval Meylan - Chirurgien-dentiste, orthodontiste (adresse, horaires)",04 76 18 56 11,1991,,Jean Breuneval,,,,,434048922,,68.20A,JEAN BREUNEVAL,,26852.2,12852.1,
1,Taillefer,38240,Meylan,45.214912,5.782477,482,"Lycée polyvalent du Grésivaudan Meylan (adresse, horaires)",04 76 90 30 53,2000,,Lycée polyvalent du Grésivaudan,,,,,193828639,,85.31Z,,,5196.3,3468.5,
16,Chemin de Bérivière,38240,Meylan,45.214227,5.784795,298,"Créche Tamiers Meylan - Crèche (adresse, horaires)",04 76 41 87 01,1988,D,Créche Tamiers,,,,,491700431,,86.90F,MAITE GASPARI (GASPARI),,17515.8,3341.3,
18,Chemin de Bérivière,38240,Meylan,45.214247,5.785059,287,"Clean Services Meylan - Entreprises de nettoyage (adresse, horaires)",07 83 77 77 92,1988,D,Clean Services,,,,,912778362,,81.21Z,SOULEIMAN BOUALITA (BOUALITA),Président de SAS,18525.3,3566.3,
40,Chemin de Bérivière,38240,Meylan,45.212452,5.786232,85,"Crèche de Bérivière Meylan - Crèche (adresse, horaires)",04 76 61 90 76,,,Crèche de Bérivière,,,,,491700431,,86.90F,MAITE GASPARI (GASPARI),,18934.0,6781.9,
12,Chemin des Clos,38240,Meylan,45.209214,5.788744,350,"ASSOCIATION MULTISPORTS DE MEYLAN AMM - Association culturelle (adresse, horaires)",,,,ASSOCIATION MULTISPORTS DE MEYLAN AMM,,,,,,,,,,28345.3,13907.8,2022
14,Chemin des Clos,38240,Meylan,45.20909,5.788909,367,"Accretech Europe Meylan - Matériel d'électronique (adresse, horaires)",04 76 04 40 80,2017,,Accretech Europe,,,,,429780075,,46.52Z,WOLFGANG BONATZ,Personne ayant le pouvoir d'engager à titre habituel la société,28499.4,13907.8,2022
3,Rue des Tisserands,38240,Meylan,45.210837,5.784516,260,"Sarah Laporte-Daube Meylan - Psychothérapie (adresse, horaires)",06 26 42 20 91,,D,Sarah Laporte-Daube,,,,,492325501,,86.90F,SARAH LAPORTE-DAUBE,,16505.5,10103.0,
4,Rue des Tisserands,38240,Meylan,45.211127,5.78493,216,"Martinez Jocelyne Meylan - Dressage d'animaux (adresse, horaires)",06 74 08 37 44,1986,C,Martinez Jocelyne,,,,,342339793,,96.09Z,JOCELYNE MARTINEZ (HAIRION),,12871.7,8193.0,
7,Rue des Tisserands,38240,Meylan,45.211409,5.784387,240,"Alpes Air Controle Et Entretien Meylan - Traitement de surfaces (adresse, horaires)",06 83 83 17 18,,D,Alpes Air Controle Et Entretien,,,,,813294469,,81.22Z,YANN LE GAC (LE GAC),Président de SAS,12185.9,5933.4,
11,Rue des Tisserands,38240,Meylan,45.211551,5.784014,262,"Millie Sébastien Meylan - Bois de chauffage (adresse, horaires, avis)",06 47 83 63 24,,D,Millie Sébastien,,,,,,,,,,10866.6,3097.8,
2,Le Routoir,38240,Meylan,45.212418,5.788457,99,"Ecole maternelle Les Béalières Meylan (adresse, horaires)",04 76 41 08 05,,,Ecole maternelle Les Béalières,,,,,,,,,,17245.4,4439.3,
3,Le Routoir,38240,Meylan,45.212222,5.787442,16,"Claire Blanc Meylan - Infirmiers, cabinet et soins à domicile (adresse, horaires, ouvert le dimanche)",06 86 37 06 13,1984,D,Claire Blanc,,,,,884197518,,86.90D,CLAIRE BLANC (SOLLE),,16711.8,5189.5,
4,Le Routoir,38240,Meylan,45.212693,5.78958,192,Failliet Emmanuel Meylan - Transport routier (adresse),09 80 63 92 86,1984,,Failliet Emmanuel,,,,,410834154,,49.41A,EMMANUEL FAILLIET,Gérant,21777.7,1384.6,
7,Le Routoir,38240,Meylan,45.212572,5.788719,124,"Restaurant Scolaire Béalières Meylan - Restaurant d'entreprise (adresse, horaires)",04 76 41 09 05,,,Restaurant Scolaire Béalières,,,,,,,,,,18871.6,4341.3,
10,Le Routoir,38240,Meylan,45.212805,5.79022,243,"Bibliothèque Des Béalières Meylan - Bibliothèques, médiathèques (adresse, horaires)",04 76 90 79 60,1984,D,Bibliothèque Des Béalières,,,,,,,,,,21070.6,4368.4,
13,Le Routoir,38240,Meylan,45.212838,5.789684,205,"Mouney Le Ferrailleur Meylan - Traitement déchets fers, métaux (adresse, horaires, avis, ouvert le dimanche)",06 95 85 98 71,1984,C,Mouney Le Ferrailleur,,,,,,,,,,18001.9,1155.7,
16,Le Routoir,38240,Meylan,45.213087,5.791318,335,"Cheminot Eric Meylan - Maintenance et services informatique (adresse, horaires)",06 31 84 82 87,1984,D,Cheminot Eric,,,,,514268200,,62.02A,ERIC CHEMINOT,,24003.1,5090.7,
2,Rue des Lavandières,38240,Meylan,45.212299,5.786928,28,"Catherine Cinti Meylan - Podologue, Pédicure (adresse, horaires)",04 76 41 04 79,1984,D,Catherine Cinti,,,,,341537223,,86.90E,CATHERINE BONNET (CINTI),,19579.4,6043.4,
2,Chemin des Prêles,38240,Meylan,45.207847,5.785331,504,"Tempologis Meylan - Résidence de tourisme (adresse, horaires)",,,,Tempologis,,+33160871200,tempologis@tempologis.com,http://www.tempologis.com,934122151,,55.10Z,PASCAL REBOH,Président de SAS,27981.9,16493.0,
4,Chemin des Prêles,38240,Meylan,45.208129,5.785184,478,"R.T.P. Peinture Meylan - Entreprise de peinture (adresse, horaires, avis)",07 63 36 06 20,2003,,R.T.P. Peinture,,,,,789544723,,43.34Z,AMMAN MADANI (MADANI),,26242.1,15762.4,
10,Chemin des Prêles,38240,Meylan,45.208899,5.784726,414,"Crèche Meylan - people & baby Kid's Coocoon et Kid's Heaven - Crèche (adresse, horaires)",04 82 79 06 12,,,Crèche,,,,,491700431,,86.90F,MAITE GASPARI (GASPARI),,24935.7,18001.0,
9,Impasse des Verdiers,38240,Meylan,45.210682,5.782345,418,"ASSO COMMUNE CHASSE AGREEE ENTRAIGUES Meylan - Clubs, territoire de chasse (adresse, horaires)",,1989,,ASSO COMMUNE CHASSE AGREEE ENTRAIGUES,,,,,,,,,,10293.9,6251.9,
11,Impasse des Verdiers,38240,Meylan,45.210739,5.782317,418,,,,,ASSO COMMUNE CHASSE AGREEE ENTRAIGUES,,,,,,,,,,10293.9,6251.9,
7,Chemin des Béalières,38240,Meylan,45.210884,5.789948,256,,,,,Immobiliere Berlioz,,,,,852893627,,68.32A,PIERRE BEAL,Gérant,13827.7,8491.5,
11,Chemin des Béalières,38240,Meylan,45.210904,5.790495,291,,,,,Genome Express,,,,,,,,,,15786.6,8220.8,
19,Chemin des Béalières,38240,Meylan,45.210883,5.791257,346,,,,,B.Production,,,,,,,,,,13411.3,11225.9,
21,Chemin des Béalières,38240,Meylan,45.210917,5.790943,322,,,,,Roseau Technologies,,,,,843752437,,58.29C,FLORENT CADOUX,Président de SAS,14644.0,8322.9,
23,Chemin des Béalières,38240,Meylan,45.211181,5.791197,329,,,,,Oros SAS,,,,,,,,,,12539.8,7417.6,
40,Chemin des Béalières,38240,Meylan,45.212452,5.786232,85,,,,,Crèche de Bérivière,,,,,491700431,,86.90F,MAITE GASPARI (GASPARI),,18934.0,6781.9,
7,Chemin des Prés,38240,Meylan,45.210884,5.789948,256,"Immobiliere Berlioz Meylan - Agence immobilière (adresse, horaires, avis)",04 58 17 32 20,1990,,Immobiliere Berlioz,,,,,852893627,,68.32A,PIERRE BEAL,Gérant,13827.7,8491.5,
11,Chemin des Prés,38240,Meylan,45.210904,5.790495,291,"Genome Express Meylan - Police scientifique (adresse, horaires)",04 56 38 11 29,,,Genome Express,,,,,,,,,,15786.6,8220.8,
19,Chemin des Prés,38240,Meylan,45.210883,5.791257,346,"B.Production Meylan - Production audiovisuelle (adresse, horaires)",06 51 97 61 35,2013,,B.Production,,,,,,,,,,13411.3,11225.9,
21,Chemin des Prés,38240,Meylan,45.210917,5.790943,322,"Roseau Technologies Meylan - Editeurs de logiciels (adresse, horaires)",06 45 28 20 66,2013,,Roseau Technologies,,,,,843752437,,58.29C,FLORENT CADOUX,Président de SAS,14644.0,8322.9,
23,Chemin des Prés,38240,Meylan,45.211181,5.791197,329,"Oros SAS Meylan - Acoustique industrielle (adresse, horaires)",04 76 90 53 26,,,Oros SAS,,,,,,,,,,12539.8,7417.6,
2,Passage du Père Cohard,38240,Meylan,45.212754,5.786867,71,"Halte Garderie des Béalières Meylan - Garde d'enfants (adresse, horaires)",04 76 90 51 61,1984,C,Halte Garderie des Béalières,,,,,,,,,,21311.6,6580.8,
7,Chemin de la Trière,38240,Meylan,45.208525,5.782799,535,"Fabienne Mathelet Meylan - Hypnothérapie (adresse, horaires)",06 25 89 14 44,1947,,Fabienne Mathelet,,,,,435235619,,47.73Z,FABIENNE MATHELET,Liquidateur,17133.4,12459.7,
1,Allée des Eyminées,38240,Meylan,45.206335,5.780115,857,"Coup De Theatre Meylan - Association culturelle (adresse, horaires)",,1976,D,Coup De Theatre,,,,,499553857,,94.99Z,,,14935.0,9567.5,
3,Allée des Eyminées,38240,Meylan,45.206411,5.779837,865,Thomas Meot Meylan - Designer (adresse),04 76 41 38 30,1976,D,Thomas Meot,,,,,814537254,,74.10Z,THOMAS MEOT,,14874.4,9243.8,
5,Allée des Eyminées,38240,Meylan,45.206503,5.779698,864,Dalmonte Meylan - Climatisation (adresse),04 76 90 61 62,1976,D,Dalmonte,,,,,403261712,,43.22B,PIERRE DALMONTE (DALMONTE),Gérant,13557.5,8453.2,
11,Allée des Eyminées,38240,Meylan,45.206082,5.777556,1017,"Cassila Gina Meylan - Cours de musique, cours de chant (adresse, horaires, avis)",06 74 56 16 73,1976,D,Cassila Gina,,,,,820286433,,85.52Z,GINA CASSILA,,16701.9,2385.1,
1,Chemin du pré carré,38240,Meylan,45.207592,5.781596,675,"ANSEMBLE ECA Meylan - Expertise comptable (adresse, horaires)",04 76 04 15 40,1990,,Dolphin Semiconductor,,,,,932368764,,26.11Z,PIERRE GARNIER,Président de SAS,15912.3,11231.3,
3,Chemin du pré carré,38240,Meylan,45.207903,5.781967,630,"Oriel Meylan - Avocats (adresse, horaires)",04 85 58 06 54,,,Oriel,,,,,804701019,,69.10Z,RICHARD KLIEMAN,Gérant,15988.8,13180.0,
8,Chemin du pré carré,38240,Meylan,45.208002,5.782018,619,"Alexie Suriano Meylan - Psychologue (prendre rendez-vous, adresse, horaires, avis)",07 49 36 22 04,,,Alexie Suriano,,,,,880383955,,86.90F,ALEXIE SURIANO,,17344.7,11679.8,
1,Chemin du Pré Carré,38240,Meylan,45.207592,5.781596,675,"Dolphin Semiconductor Meylan - Matériel d'électronique (adresse, horaires)",04 76 41 10 96,1990,,Dolphin Semiconductor,,,,,932368764,,26.11Z,PIERRE GARNIER,Président de SAS,15912.3,11231.3,
3,Chemin du Pré Carré,38240,Meylan,45.207903,5.781967,630,"Oriel Meylan - Avocats (adresse, horaires)",04 85 58 06 54,,,Oriel,,,,,804701019,,69.10Z,RICHARD KLIEMAN,Gérant,15988.8,13180.0,
8,Chemin du Pré Carré,38240,Meylan,45.208002,5.782018,619,"Alexie Suriano Meylan - Psychologue (prendre rendez-vous, adresse, horaires, avis)",07 49 36 22 04,,,Alexie Suriano,,,,,880383955,,86.90F,ALEXIE SURIANO,,17344.7,11679.8,
3,Allée de la Piat,38240,Meylan,45.212544,5.778367,697,,,,,Efit Coaching Yan Contel,,,,,,,,,,8891.1,1356.7,
5,Allée de la Piat,38240,Meylan,45.212498,5.778352,698,"Efit Coaching Yan Contel Meylan - Produits diététiques (adresse, horaires)",06 89 64 70 81,1976,C,Efit Coaching Yan Contel,,,,,,,,,,8891.1,1356.7,
15,Allée de la Piat,38240,Meylan,45.210583,5.777317,798,"Agduc Meylan - Hôpital (adresse, horaires)",04 76 41 02 70,,,Agduc,,,,,302701040,,86.10Z,,,9531.9,9049.8,
55,Maison de la Musique,38240,Meylan,45.20542,5.780951,898,,,,,RG Clim',,,,,892603945,,43.22B,MICHAEL CAMMARATA (CAMMARATA),Président de SAS,10263.8,6316.8,
57,Maison de la Musique,38240,Meylan,45.205349,5.781205,894,,,,,Bellot Rémi,,,,,,,,,,11987.4,6316.8,
58,Maison de la Musique,38240,Meylan,45.206916,5.780444,791,,,,,Galiano Julien Quali-Travaux,,,,,,,,,,16319.9,9430.8,
60,Maison de la Musique,38240,Meylan,45.205775,5.780737,875,,,,,Editions Correspondances,,,,,382244887,,58.19Z,MARC GIANINAZ,Gérant,12043.0,7693.5,
1,Granier,38240,Meylan,45.209451,5.780226,628,"Gendarmerie Nationale Meylan (adresse, horaires)",04 38 37 47 70,,,Gendarmerie Nationale,,,,,,,,,,13047.6,9277.5,
3,Avenue du Vercors,38240,Meylan,45.208302,5.778617,801,"Vincent Coquard Meylan - Masseur kinésithérapeute (adresse, horaires)",04 76 24 05 64,1971,D,Vincent Coquard,,,,,310395504,,86.90E,VINCENT COQUARD,,10633.4,12039.2,
5,Avenue du Vercors,38240,Meylan,45.208748,5.77825,801,"Marie Ruer Meylan - Kinésiologue (adresse, horaires)",07 86 70 84 83,1971,D,Marie Ruer,,,,,,,,,,11385.0,12032.1,
7,Avenue du Vercors,38240,Meylan,,,,"Codandamourty Maguendra Meylan - Masseur kinésithérapeute (adresse, horaires)",04 76 41 07 19,1971,D,,,,,,,,,,,,,
13,Avenue du Vercors,38240,Meylan,45.208583,5.77607,962,"Nicolas Hui-Bon-Hoa Meylan - Ostéopathe (adresse, horaires)",06 44 01 05 78,1971,C,Nicolas Hui-Bon-Hoa,,,,,809405277,,86.90E,NICOLAS HUI-BON-HOA,,10299.1,10254.4,
14,Avenue du Vercors,38240,Meylan,45.20922,5.774651,1040,"Piscine des Buclos Meylan - Piscine, centre aquatique (adresse, horaires, avis, ouvert le dimanche)",04 38 24 08 24,,,Piscine des Buclos,,,,,440583706,,93.12Z,,,11287.6,6307.3,
17,Avenue du Vercors,38240,Meylan,45.208635,5.775203,1022,"Nathalie Schneider Meylan - Médecin généraliste (adresse, horaires)",04 76 90 05 69,1970,D,Nathalie Schneider,,,,,441034626,,86.21Z,NATHALIE SCHNEIDER (ROBIN),,9947.9,9371.5,
19,Avenue du Vercors,38240,Meylan,45.207655,5.775244,1066,Semelles Aux Vents D'Isere Meylan - Association culturelle (adresse),,1973,C,Semelles Aux Vents D'Isere,,,,,794269332,,94.99Z,,,10114.0,8056.9,
21,Avenue du Vercors,38240,Meylan,45.208284,5.774745,1071,"UNION TAI CHI CHUAN UN-TCC Meylan - Clubs de sport (adresse, horaires)",,1970,D,UNION TAI CHI CHUAN UN-TCC,,,,,420706707,,85.51Z,,,11137.0,8231.9,
27,Avenue du Vercors,38240,Meylan,45.206433,5.773229,1270,"Cordonnerie des Buclos Meylan - Cordonnerie (adresse, horaires, avis)",04 76 41 05 35,,,Cordonnerie des Buclos,craft=shoemaker,+33476410535,,https://cordonneriedesbuclos.com/,533611778,,95.23Z,ANTONI NARDIELLO (NARDIELLO),Gérant,12694.2,12525.4,
30,Avenue du Vercors,38240,Meylan,45.207709,5.773832,1162,"Crèche Des Buclos Meylan - Crèche (adresse, horaires)",04 76 90 74 63,,,Crèche Des Buclos,,,,,,,,,,11978.9,9905.1,
31,Avenue du Vercors,38240,Meylan,45.205474,5.771669,1430,"Entretien Physique Meylan - Club de natation (adresse, horaires)",,1976,E,Entretien Physique,,,,,,,,,,14407.9,11727.3,
32,Avenue du Vercors,38240,Meylan,45.206461,5.772318,1331,"Banque Populaire Auvergne Rhône Alpes Meylan - Banque (adresse, horaires)",04 76 03 42 00,,,Banque Populaire Auvergne Rhône Alpes,,,,,605520071,,64.19Z,LIONEL BAUD,Président du conseil d'administration,15268.6,11445.0,
35,Avenue du Vercors,38240,Meylan,45.205282,5.77108,1480,YZI Driver Meylan - Vtc (adresse),06 77 34 21 34,1976,D,YZI Driver,,,,,980053680,,49.32Z,YASSINE ZIAT,Président de SAS,15303.7,12555.8,
41,Avenue du Vercors,38240,Meylan,45.205337,5.769823,1562,Pinceaux - Couleurs Et Amitie A Meylan - Cours d'arts plastiques (adresse),,1977,D,Pinceaux,,,,,,,,,,16285.0,9853.5,
45,Avenue du Vercors,38240,Meylan,45.205381,5.769177,1604,"JCA Group EIRL Meylan - Maintenance et services informatique (adresse, horaires)",06 50 01 76 36,1977,D,JCA Group EIRL,,,,,,,,,,14788.3,11204.5,
53,Avenue du Vercors,38240,Meylan,45.206308,5.768165,1631,"Karine Pourroy - Kinésithérapeute à Meylan (adresse, horaires, ouvert le dimanche)",04 76 41 93 36,1977,E,Karine Pourroy,,,,,352436158,,86.90E,KARINE POURROY (PAYERNE-BACCARD),,14512.4,19284.3,
3,Chemin du Vieux Chêne,38240,Meylan,45.206809,5.781484,748,"Aca Auditeur&Conseils Associés Meylan - Expertise comptable (adresse, horaires)",04 76 41 34 29,,,Aca Auditeur&Conseils Associés,,,,,399194208,,69.20Z,,,18389.2,11405.3,
5,Chemin du Vieux Chêne,38240,Meylan,45.20693,5.781919,717,"Grenoble Alpes Metropole Meylan - Déchetterie (adresse, horaires)",04 76 59 59 59,,,Grenoble Alpes Metropole,,,,,200040715,,84.11Z,,,15062.0,12328.1,
9,Chemin du Vieux Chêne,38240,Meylan,45.206723,5.784512,643,"Copy Meylan - Imprimerie (adresse, horaires)",04 76 04 93 83,,,Copy,,,,,492633292,,18.12Z,CATHERINE BLANC (MOLLARD),Gérant,14985.1,11518.3,
11,Chemin du Vieux Chêne,38240,Meylan,45.206821,5.78563,609,"Alp2i By Trilog Médical Solutions Meylan - Maintenance et services informatique (adresse, horaires)",04 82 74 02 60,,,Alp2i By Trilog Médical Solutions,,,,,,,,,,15618.7,20544.9,
15,Chemin du Vieux Chêne,38240,Meylan,45.206072,5.787074,679,"Work 2000 Intérim - Siège social Meylan - Agence d'intérim (adresse, horaires)",04 76 18 16 00,2001,,Work 2000 Intérim,,,,,,,,,,9290.2,10507.9,
30,Chemin du Vieux Chêne,38240,Meylan,45.209293,5.798436,933,"Kercia Solutions Meylan - Editeurs de logiciels (adresse, horaires)",04 56 40 06 70,1990,,Kercia Solutions,,,,,497974758,,58.29C,,,9605.6,16671.6,
32,Chemin du Vieux Chêne,38240,Meylan,45.209762,5.798916,953,"Ruddy Food Meylan - Restaurant (adresse, horaires)",04 76 52 10 86,,,Ruddy Food,,,,,448823922,,56.10C,RUDDY PETIT (PETIT),,9211.0,11825.8,
35,Chemin du Vieux Chêne,38240,Meylan,45.20786,5.794069,718,"Algeco Meylan - Location de matériel industriel (adresse, horaires)",09 74 93 00 08,1991,,Algeco,,,,,685550659,,77.39Z,JAMES ODOM,Président de SAS,8497.9,14440.1,
36,Chemin du Vieux Chêne,38240,Meylan,45.208836,5.798182,934,"AGIR à dom. Grenoble Meylan - Soins à domicile (adresse, horaires, avis)",04 76 51 03 04,,,AGIR à dom. Grenoble,,,,,,,,,,9977.7,16503.7,
37,Chemin du Vieux Chêne,38240,Meylan,45.207867,5.794695,755,"Allianz Meylan - David Lebigot - Assurance (adresse, horaires)",04 76 24 60 07,1991,,Allianz,,,,,,,,,,8497.9,16476.0,
39,Chemin du Vieux Chêne,38240,Meylan,45.207546,5.794808,785,"CGI Real Estate Meylan - Immobilier d'entreprise (adresse, horaires, avis)",04 76 61 60 20,1991,,CGI Real Estate,,,,,394202592,,68.31Z,EMMANUEL PETERLE,Président de SAS,7342.0,14792.0,
41,Chemin du Vieux Chêne,38240,Meylan,45.207668,5.79522,801,"GEFI Meylan - Gestion de patrimoine (adresse, horaires)",04 76 54 63 84,1991,,GEFI,,,,,421608860,,82.99Z,KAREN MOUNIER,Directeur Général,8759.3,15994.7,
43,Chemin du Vieux Chêne,38240,Meylan,45.207857,5.795881,830,"AsteelFlash Etablissement Développement Meylan - Matériel d'électronique (adresse, horaires)",09 60 39 79 86,,,AsteelFlash Etablissement Développement,,,,,,,,,,9334.4,18465.3,
47,Chemin du Vieux Chêne,38240,Meylan,45.208431,5.794923,731,"Inobelle Meylan - Institut de beauté (adresse, horaires, avis)",07 60 55 30 58,,,Inobelle,,,,,922091897,,96.02B,ISMAHENE BOUHADIBA (BENBERNOU),Gérant,10660.6,17017.5,
49,Chemin du Vieux Chêne,38240,Meylan,45.208226,5.795321,770,"SCM Santé du Chene Meylan - Masseur kinésithérapeute (adresse, horaires)",04 76 54 53 40,,,SCM Santé du Chene,,,,,831296967,,66.19A,ANNE-LAURE COQUET,Gérant,9273.2,17279.0,
51,Chemin du Vieux Chêne,38240,Meylan,45.208413,5.795999,803,"PEXIN Meylan - Bureau d'études (adresse, horaires)",04 76 46 89 06,,,PEXIN,,,,,818500142,,71.12B,,,10201.4,19015.7,
53,Chemin du Vieux Chêne,38240,Meylan,45.208704,5.795815,774,R.B.I SARL Meylan - Automatismes industriels (adresse),04 76 41 91 66,,,R.B.I SARL,,,,,,,,,,10373.2,19015.7,
55,Chemin du Vieux Chêne,38240,Meylan,45.208603,5.796703,841,"YEG Architecte Meylan - Architecte (adresse, horaires)",09 73 88 46 46,,,YEG Architecte,,,,,933397713,,71.11Z,YANN-ERIC GUERIN,Gérant,9500.4,21892.0,
57,Chemin du Vieux Chêne,38240,Meylan,45.208106,5.796703,868,"ALTERYS.COM ALTERYS Meylan - Avocats (adresse, horaires)",,,,ALTERYS.COM ALTERYS,,,,,798401279,,69.10Z,CECILIA MONTEIRO,Président de SAS,7797.8,19676.7,
59,Chemin du Vieux Chêne,38240,Meylan,45.208581,5.796877,854,"Cedrat Technologies Meylan - Bureau d'études (adresse, horaires)",04 56 58 04 00,,,Cedrat Technologies,office=company,+33456580400,,https://www.cedrat-technologies.com/,310416334,,71.12B,FRANK CLAEYSSEN,Président de SAS,11007.2,21794.1,
61,Chemin du Vieux Chêne,38240,Meylan,45.20867,5.797704,907,"Alpes Instruments Meylan - Automatismes industriels (adresse, horaires)",04 76 90 36 14,,,Alpes Instruments,,,,,411371263,,94.99Z,,,9948.1,19420.9,
1,Avenue du Granier,38240,Meylan,45.209451,5.780226,628,"Gendarmerie Nationale Meylan (adresse, horaires)",04 38 37 47 70,,,Gendarmerie Nationale,,,,,,,,,,13047.6,9277.5,
5,Chemin de Bérivière,38240,Meylan,45.217799,5.783658,686,"Vaca Christine Meylan - Conseils en gestion, management (adresse, horaires)",07 70 40 84 35,2002,,Vaca Christine,,,,,,,,,,9835.1,,
9,Chemin de Bérivière,38240,Meylan,45.21713,5.784058,605,NDI - DIAGNOSTIQUEUR Meylan - Diagnostic immobilier (adresse),06 09 96 38 70,2018,C,NDI,,,,,980221907,,71.20B,ROMAIN BARTHELEMY,Gérant,10307.0,1288.1,
36,Chemin de la Taillat,38240,Meylan,45.208506,5.7794,738,Tiphaine Escudery Meylan - Orthophoniste (adresse),04 76 51 67 85,1971,D,Tiphaine Escudery,,,,,817919681,,86.90E,TIPHAINE ESCUDERY,,12122.4,10254.0,
47,Chemin de la Taillat,38240,Meylan,45.207572,5.780542,733,"Conseil Etudes Traitement C.E.T Meylan - Bureau d'études (adresse, horaires)",07 61 69 08 56,2012,,Conseil Etudes Traitement C.E.T,,,,,,,,,,14506.3,12004.1,
51,Chemin de la Taillat,38240,Meylan,45.205931,5.780876,855,"Kpmg Meylan - Expertise comptable (adresse, horaires)",04 76 90 80 80,2019,,Kpmg,office=company,+33476908080,,https://bureaux.kpmg.fr/fr/france-FR/311/kpmg-meylan-grenoble/details,775726417,,69.20Z,MARIE GUILLEMOT,Président du conseil d'administration et directeur général,13776.0,8183.5,
55,Chemin de la Taillat,38240,Meylan,45.20542,5.780951,898,"RG Clim' Meylan - Climatisation (adresse, horaires)",06 14 91 24 71,,,RG Clim',,,,,892603945,,43.22B,MICHAEL CAMMARATA (CAMMARATA),Président de SAS,10263.8,6316.8,
57,Chemin de la Taillat,38240,Meylan,45.205349,5.781205,894,"Bellot Rémi Meylan - Création de site internet (adresse, horaires)",06 52 84 76 04,2000,D,Bellot Rémi,,,,,,,,,,11987.4,6316.8,
58,Chemin de la Taillat,38240,Meylan,45.206916,5.780444,791,Galiano Julien Quali-Travaux Meylan (adresse),04 76 14 81 57,2016,,Galiano Julien Quali-Travaux,,,,,,,,,,16319.9,9430.8,
60,Chemin de la Taillat,38240,Meylan,45.205775,5.780737,875,"Editions Correspondances Meylan - Éditions culturelles (adresse, horaires)",04 76 50 25 25,,,Editions Correspondances,,,,,382244887,,58.19Z,MARC GIANINAZ,Gérant,12043.0,7693.5,
